V_fuelAvg,Passangers,Distance,Traffic_rating,Signals_km,Road_rating,FuelAvg,FuelConsump,IdealFuelConsump
57.97,23,167.26,2,0.13,5,38.5,4.34,2.89
19.52,20,659.35,0,0.1,5,20.03,32.92,33.78
14.9,12,616.68,2,0.02,1,11.7,52.69,41.4
50.46,28,665.56,5,0.1,5,43.1,15.44,13.19
12.13,14,362.81,1,0.06,5,13.49,26.9,29.92
5.56,27,1012.78,4,0.01,3,4.81,210.53,182.23
48.82,26,1331.54,0,0.0,1,41.33,32.21,27.28
11.38,10,277.63,0,0.03,3,11.4,24.35,24.39
59.5,22,388.93,3,0.22,3,39.84,9.76,6.54
37.95,3,450.3,2,0.07,2,29.55,15.24,11.86
12.75,17,798.01,2,0.19,5,10.33,77.25,62.57
49.43,1,387.98,1,0.17,5,37.09,10.46,7.85
19.38,21,935.23,2,0.24,3,13.13,71.25,48.26
24.08,1,194.13,3,0.13,4,22.46,8.64,8.06
37.77,4,461.3,3,0.0,3,36.84,12.52,12.21
36.34,28,415.34,4,0.27,5,21.9,18.97,11.43
54.67,10,602.76,4,0.05,1,45.92,13.13,11.03
7.06,7,890.4,4,0.08,1,5.83,152.81,126.16
21.1,29,999.15,1,0.26,2,16.98,58.85,47.35
32.73,13,810.68,3,0.06,4,31.6,25.65,24.77
10.84,9,639.87,2,0.16,3,10.16,62.96,59.01
44.17,13,597.42,1,0.19,1,28.42,21.02,13.53
22.6,5,847.55,3,0.07,3,20.64,41.07,37.51
14.98,13,436.74,3,0.08,4,12.97,33.67,29.15
5.06,15,612.7,2,0.18,3,4.69,130.64,121.17
54.15,9,1245.15,2,0.02,2,46.69,26.67,22.99
34.98,19,994.05,0,0.2,4,31.46,31.6,28.42
21.29,29,496.72,0,0.15,2,19.52,25.45,23.33
33.11,13,1183.66,4,0.22,2,25.61,46.22,35.75
44.46,21,463.34,2,0.28,1,29.73,15.59,10.42
40.9,12,748.12,1,0.33,3,27.38,27.32,18.29
12.61,13,1103.06,1,0.1,3,12.17,90.65,87.47
36.6,6,599.28,3,0.14,1,25.54,23.47,16.37
43.65,2,334.31,3,0.15,4,34.27,9.76,7.66
31.06,7,56.56,1,0.32,3,21.55,2.62,1.82
35.97,12,31.84,1,0.06,4,35.37,0.9,0.89
25.63,24,807.41,1,0.12,1,20.58,39.24,31.5
42.23,16,286.78,2,0.06,5,39.65,7.23,6.79
40.67,2,1058.12,4,0.14,1,25.54,41.43,26.02
54.61,20,1174.54,3,0.15,3,30.08,39.05,21.51
25.08,13,1261.78,4,0.32,5,17.09,73.81,50.31
16.98,27,683.59,2,0.16,4,15.87,43.06,40.26
16.87,27,1308.21,3,0.18,5,13.76,95.07,77.56
9.1,10,46.34,0,0.24,2,8.47,5.47,5.09
11.79,23,833.53,4,0.21,2,8.48,98.3,70.73
20.91,7,833.26,4,0.11,5,20.37,40.9,39.85
38.49,28,557.39,1,0.17,3,32.37,17.22,14.48
39.45,15,1083.22,3,0.03,1,29.64,36.55,27.46
51.79,27,1275.97,1,0.28,3,44.89,28.42,24.64
48.36,10,1381.3,4,0.01,3,43.11,32.04,28.56
21.74,6,662.53,5,0.17,4,19.86,33.35,30.47
48.63,5,735.87,0,0.33,2,18.72,39.3,15.13
6.94,21,396.67,1,0.14,4,6.71,59.1,57.16
5.76,20,1205.12,4,0.17,1,4.14,291.15,209.1
43.6,11,1229.56,5,0.29,2,24.23,50.75,28.2
54.47,17,507.6,0,0.13,2,38.38,13.23,9.32
54.67,18,451.29,4,0.15,4,35.96,12.55,8.25
20.68,4,510.01,2,0.2,5,18.9,26.98,24.66
12.51,14,955.73,0,0.03,4,12.72,75.14,76.4
32.99,20,776.85,4,0.15,4,28.71,27.06,23.54
52.2,8,449.74,3,0.26,2,23.69,18.98,8.61
28.72,16,1023.01,0,0.28,3,18.51,55.27,35.62
6.6,1,1129.29,4,0.29,3,5.74,196.74,171.09
31.6,24,1201.68,5,0.08,3,23.43,51.28,38.03
5.48,16,617.61,4,0.12,2,4.36,141.56,112.72
48.25,23,170.35,2,0.12,5,48.93,3.48,3.53
23.7,8,334.76,3,0.26,4,15.98,20.95,14.13
39.6,27,385.64,2,0.03,2,32.4,11.9,9.74
37.22,25,224.62,0,0.08,2,33.69,6.67,6.03
45.85,10,1178.74,2,0.16,5,37.93,31.08,25.71
19.06,7,606.75,5,0.08,5,15.91,38.13,31.83
43.66,22,1246.88,2,0.12,4,29.18,42.72,28.56
20.18,6,26.01,3,0.15,5,21.24,1.22,1.29
39.77,9,621.63,1,0.22,3,32.03,19.41,15.63
49.0,11,1040.04,1,0.09,2,34.23,30.39,21.23
16.41,6,528.71,5,0.32,2,11.51,45.91,32.22
43.45,27,505.43,1,0.28,2,27.81,18.17,11.63
6.21,26,1366.9,0,0.29,2,5.06,269.99,220.21
51.38,21,401.36,3,0.04,2,38.97,10.3,7.81
12.92,18,1076.31,0,0.17,1,10.2,105.54,83.32
29.69,4,699.86,1,0.28,3,18.38,38.08,23.58
18.28,7,689.57,1,0.21,4,17.31,39.83,37.73
55.08,25,503.17,2,0.0,1,46.38,10.85,9.14
49.74,4,57.68,3,0.23,2,28.94,1.99,1.16
42.94,26,455.56,0,0.3,3,33.48,13.61,10.61
32.88,16,663.06,3,0.22,4,27.31,24.28,20.17
41.52,15,971.33,5,0.14,1,25.08,38.72,23.4
6.07,12,999.63,5,0.21,5,6.0,166.73,164.64
51.7,5,1375.55,4,0.01,1,45.34,30.34,26.61
10.94,16,1012.45,1,0.0,3,10.86,93.21,92.58
16.66,29,1159.61,5,0.1,3,12.34,93.95,69.62
20.08,20,1324.92,5,0.24,3,15.13,87.58,65.97
52.88,24,741.43,4,0.25,3,28.82,25.73,14.02
32.63,29,1378.94,2,0.04,1,25.45,54.18,42.26
47.31,29,1242.31,1,0.07,5,42.24,29.41,26.26
46.14,13,213.7,0,0.15,1,25.37,8.42,4.63
12.28,2,8.67,3,0.0,3,11.66,0.74,0.71
49.39,17,1317.79,4,0.33,1,30.25,43.57,26.68
41.77,11,283.08,5,0.08,3,32.93,8.6,6.78
37.48,8,383.94,5,0.04,1,24.35,15.77,10.24
16.27,17,559.5,4,0.13,5,13.56,41.25,34.39
45.49,18,152.65,5,0.29,3,29.69,5.14,3.36
26.49,26,293.43,3,0.17,3,22.09,13.29,11.08
40.38,3,1015.96,5,0.22,1,20.13,50.48,25.16
14.06,13,4.39,3,0.23,2,12.05,0.36,0.31
37.0,11,900.01,3,0.08,2,31.44,28.63,24.33
25.84,26,687.59,2,0.21,4,19.36,35.52,26.61
9.21,22,1320.85,2,0.25,4,8.75,150.97,143.41
39.43,28,73.26,5,0.04,5,33.83,2.17,1.86
44.94,28,1111.66,1,0.25,4,27.32,40.69,24.74
12.58,10,767.83,3,0.07,4,12.38,62.03,61.04
22.55,2,321.2,1,0.18,1,17.52,18.34,14.24
46.94,12,1162.89,5,0.19,1,28.62,40.63,24.78
34.29,13,1077.28,4,0.12,5,34.77,30.98,31.42
17.36,22,609.34,2,0.22,5,14.75,41.32,35.1
13.41,30,114.06,2,0.28,2,11.68,9.76,8.51
23.12,15,642.88,0,0.05,5,24.88,25.84,27.81
4.1,15,374.06,0,0.18,3,4.23,88.5,91.26
59.04,30,739.24,1,0.19,5,34.99,21.13,12.52
14.59,13,1029.36,0,0.01,1,14.61,70.46,70.53
18.05,15,1354.13,5,0.16,3,12.63,107.19,75.04
40.7,14,176.8,4,0.28,5,21.57,8.2,4.34
42.78,4,120.35,1,0.01,5,45.86,2.62,2.81
34.86,4,404.67,4,0.29,5,31.1,13.01,11.61
5.82,26,1112.19,4,0.13,1,4.82,230.95,190.97
14.05,10,520.8,2,0.14,4,14.33,36.34,37.08
54.1,23,249.14,5,0.2,2,32.87,7.58,4.61
12.13,26,334.32,1,0.03,4,11.82,28.28,27.56
53.21,22,88.32,4,0.1,3,32.91,2.68,1.66
26.43,5,516.5,1,0.08,5,25.81,20.01,19.54
29.38,4,417.78,2,0.14,1,21.25,19.66,14.22
38.81,1,513.06,4,0.1,4,29.95,17.13,13.22
15.05,14,1065.17,0,0.12,4,13.81,77.15,70.78
50.73,24,833.18,4,0.3,1,30.55,27.27,16.42
29.66,8,1031.56,2,0.14,2,20.06,51.42,34.78
59.71,12,1012.17,5,0.2,5,33.81,29.94,16.95
44.61,6,102.64,5,0.28,4,27.07,3.79,2.3
55.24,2,502.62,5,0.33,5,20.47,24.55,9.1
23.34,24,579.56,4,0.26,1,12.45,46.57,24.83
38.93,17,213.21,3,0.04,3,33.71,6.33,5.48
45.17,23,315.8,0,0.07,2,34.76,9.08,6.99
25.62,14,1095.91,3,0.18,4,23.53,46.58,42.77
12.95,24,17.75,3,0.17,2,9.73,1.82,1.37
26.78,21,644.89,5,0.08,1,19.73,32.69,24.08
4.95,3,1349.65,1,0.02,1,4.41,306.22,272.61
20.71,23,1210.69,5,0.11,1,14.36,84.33,58.46
30.7,26,519.06,4,0.14,5,22.11,23.47,16.91
21.15,4,170.83,4,0.33,5,15.83,10.79,8.08
4.72,15,1367.51,5,0.15,3,3.95,346.09,289.96
20.37,13,455.88,4,0.19,5,15.88,28.7,22.38
52.49,25,1184.07,0,0.2,3,38.45,30.79,22.56
7.15,16,657.41,1,0.19,5,7.21,91.13,92.0
25.02,24,1239.41,1,0.11,3,20.43,60.66,49.54
19.37,2,91.74,1,0.05,5,20.29,4.52,4.74
23.99,24,1110.7,2,0.01,4,24.18,45.93,46.3
5.21,12,288.39,3,0.03,5,5.72,50.42,55.39
9.15,20,378.28,5,0.26,3,7.27,52.06,41.32
17.33,16,1117.89,5,0.32,5,15.72,71.13,64.51
10.21,6,1392.81,5,0.03,2,8.28,168.21,136.39
30.11,1,1151.07,5,0.24,1,17.95,64.13,38.22
5.59,10,301.73,1,0.2,1,4.96,60.79,53.94
7.16,7,646.05,0,0.27,4,6.71,96.29,90.18
7.67,27,589.98,5,0.02,2,6.38,92.45,76.94
44.15,30,874.17,1,0.12,5,30.29,28.86,19.8
27.74,4,69.51,0,0.1,3,23.28,2.99,2.51
48.08,27,772.9,2,0.24,4,36.67,21.08,16.08
27.86,4,577.46,1,0.02,2,25.97,22.24,20.73
29.73,13,454.22,5,0.08,5,25.77,17.63,15.28
27.53,21,1083.83,5,0.03,3,24.78,43.75,39.37
45.96,29,1351.93,5,0.09,3,33.5,40.36,29.42
27.39,6,463.13,3,0.33,1,14.31,32.35,16.91
39.73,6,410.85,1,0.2,3,26.25,15.65,10.34
41.9,15,438.3,4,0.12,1,24.41,17.95,10.46
54.05,28,302.67,4,0.21,3,24.97,12.12,5.6
26.94,29,113.85,3,0.23,1,16.52,6.89,4.23
42.44,2,1087.68,2,0.19,2,27.93,38.95,25.63
37.42,21,405.48,5,0.13,3,32.69,12.41,10.84
24.04,8,971.49,0,0.08,2,20.94,46.39,40.41
46.4,7,1056.44,4,0.29,2,21.5,49.13,22.77
29.58,5,1008.16,1,0.12,4,24.61,40.96,34.08
24.17,28,741.81,2,0.0,4,24.58,30.18,30.69
43.46,17,559.51,5,0.02,4,37.49,14.93,12.87
7.69,20,192.98,4,0.1,2,6.02,32.04,25.1
42.09,10,940.44,3,0.25,2,31.46,29.89,22.34
8.72,10,1125.35,2,0.08,1,7.94,141.69,129.0
25.72,22,1280.18,4,0.07,2,19.5,65.65,49.77
18.1,21,790.97,3,0.09,5,17.57,45.03,43.71
36.62,9,565.92,3,0.14,2,29.61,19.11,15.45
23.74,25,857.09,5,0.3,1,17.43,49.18,36.1
50.36,15,1054.67,4,0.32,5,24.07,43.81,20.94
9.39,29,340.5,2,0.15,4,8.32,40.94,36.26
8.7,25,242.22,5,0.27,3,7.22,33.55,27.84
42.9,26,447.07,5,0.07,1,32.07,13.94,10.42
7.47,10,45.09,5,0.0,4,6.59,6.84,6.03
23.34,12,1184.78,4,0.09,3,17.74,66.8,50.75
13.21,6,467.62,2,0.32,1,9.65,48.48,35.41
36.49,11,399.43,4,0.07,1,27.74,14.4,10.95
41.64,22,16.72,0,0.3,3,33.46,0.5,0.4
32.88,21,607.15,4,0.16,2,25.93,23.42,18.47
19.46,25,1125.66,3,0.14,3,15.91,70.74,57.85
45.24,2,572.03,2,0.07,1,35.29,16.21,12.64
42.33,5,986.88,1,0.02,4,40.48,24.38,23.31
35.28,18,1379.24,1,0.11,4,31.67,43.55,39.09
50.09,14,917.02,1,0.28,5,36.35,25.23,18.31
29.63,19,173.29,5,0.2,5,18.77,9.23,5.85
49.0,20,682.38,2,0.24,1,23.89,28.56,13.93
26.69,6,821.62,0,0.24,5,27.57,29.8,30.78
31.9,2,631.62,0,0.2,5,33.25,19.0,19.8
51.53,17,598.61,3,0.07,4,47.92,12.49,11.62
33.41,10,1242.5,2,0.06,2,28.15,44.14,37.19
27.99,6,606.39,2,0.03,4,26.25,23.1,21.66
39.77,22,510.7,1,0.08,4,37.05,13.78,12.84
43.43,30,1168.37,5,0.25,1,20.65,56.59,26.9
7.45,12,1070.06,2,0.33,1,5.99,178.53,143.7
59.37,6,280.32,2,0.21,3,44.71,6.27,4.72
32.4,18,1213.45,5,0.07,4,25.87,46.9,37.45
42.13,11,316.86,1,0.1,3,33.68,9.41,7.52
6.17,29,830.82,2,0.14,2,5.31,156.54,134.7
8.81,13,600.52,0,0.23,2,8.34,72.03,68.15
24.06,3,865.48,0,0.03,2,23.51,36.81,35.97
28.16,21,157.83,3,0.26,4,18.11,8.71,5.6
27.71,21,1396.69,3,0.16,4,22.91,60.97,50.4
5.6,18,1287.71,3,0.18,2,5.08,253.31,229.97
56.99,13,979.33,4,0.33,5,24.06,40.7,17.18
29.63,3,452.05,0,0.23,5,26.11,17.31,15.25
41.24,21,926.95,1,0.16,5,27.9,33.23,22.48
27.18,4,320.45,1,0.15,3,25.39,12.62,11.79
40.36,9,1323.57,0,0.14,4,39.31,33.67,32.79
27.34,9,1380.85,3,0.11,4,26.08,52.95,50.5
16.01,22,1389.22,5,0.18,5,12.74,109.02,86.77
49.06,10,346.26,1,0.22,4,37.08,9.34,7.06
22.4,23,935.3,3,0.01,4,22.26,42.02,41.75
6.1,22,438.77,3,0.18,4,5.58,78.63,71.88
48.15,29,692.26,2,0.31,5,31.75,21.81,14.38
46.25,17,665.55,0,0.32,2,22.73,29.28,14.39
16.65,5,79.45,1,0.1,3,15.21,5.22,4.77
27.99,30,1158.75,1,0.04,3,27.0,42.92,41.4
44.46,14,369.19,0,0.28,5,37.55,9.83,8.3
56.61,3,297.44,1,0.24,3,29.43,10.11,5.25
17.27,11,546.67,3,0.03,1,14.06,38.88,31.66
56.68,1,883.89,3,0.14,5,38.97,22.68,15.59
48.44,2,494.63,5,0.0,1,38.8,12.75,10.21
4.01,8,1051.88,2,0.06,2,3.57,294.64,262.12
53.49,13,1054.28,0,0.07,2,39.84,26.47,19.71
43.11,8,195.01,1,0.29,2,21.14,9.23,4.52
14.11,8,189.44,2,0.21,4,13.22,14.33,13.43
45.32,25,207.37,0,0.05,4,44.01,4.71,4.58
44.26,27,1129.3,1,0.11,1,29.62,38.13,25.52
32.76,24,772.15,1,0.05,1,25.99,29.71,23.57
30.68,19,1059.29,2,0.12,1,22.32,47.45,34.52
48.21,25,77.86,3,0.17,5,30.04,2.59,1.61
20.91,17,1376.44,3,0.33,3,13.45,102.34,65.83
14.46,2,284.57,1,0.26,2,11.46,24.84,19.68
46.84,15,583.87,0,0.05,5,53.54,10.9,12.47
27.87,22,391.78,5,0.09,1,20.57,19.05,14.06
41.22,3,575.43,1,0.12,3,39.04,14.74,13.96
30.47,4,613.79,1,0.22,4,19.56,31.37,20.15
52.31,25,540.75,2,0.21,5,37.21,14.53,10.34
43.67,6,1073.53,0,0.06,1,33.74,31.82,24.59
54.36,17,583.23,4,0.26,1,37.52,15.54,10.73
58.82,5,924.66,0,0.12,2,42.15,21.94,15.72
25.77,28,221.11,0,0.14,4,22.98,9.62,8.58
47.0,22,514.11,5,0.09,5,37.29,13.79,10.94
5.46,23,965.49,5,0.32,3,4.33,222.95,176.99
25.67,29,777.17,1,0.1,5,25.16,30.89,30.27
50.47,3,391.61,3,0.11,1,29.54,13.26,7.76
44.24,1,922.08,4,0.17,5,31.28,29.48,20.84
6.89,5,1047.32,2,0.11,3,6.51,160.81,152.07
33.02,7,55.81,2,0.18,2,20.86,2.68,1.69
11.96,6,182.27,2,0.16,2,9.33,19.53,15.24
47.52,23,739.44,4,0.2,4,25.46,29.04,15.56
57.08,22,491.97,5,0.15,1,39.37,12.5,8.62
53.18,26,1087.71,2,0.3,4,25.2,43.17,20.45
57.46,16,748.97,1,0.04,3,50.59,14.8,13.03
57.89,1,458.53,4,0.3,5,21.99,20.85,7.92
39.1,23,847.24,2,0.25,3,24.5,34.58,21.67
49.67,29,59.09,0,0.14,2,34.56,1.71,1.19
58.13,14,1234.02,0,0.07,5,47.85,25.79,21.23
48.13,7,169.77,0,0.11,4,42.06,4.04,3.53
54.05,7,10.97,5,0.27,2,25.73,0.43,0.2
14.54,28,780.31,0,0.02,4,15.5,50.34,53.68
45.56,30,672.1,2,0.32,2,21.53,31.22,14.75
40.24,15,107.13,4,0.24,3,21.57,4.97,2.66
11.12,13,706.68,2,0.01,5,11.65,60.67,63.53
12.05,13,864.24,1,0.28,2,11.63,74.31,71.72
56.57,3,626.01,3,0.17,4,38.03,16.46,11.07
51.66,2,1312.12,1,0.29,5,22.27,58.91,25.4
53.55,12,1097.71,0,0.01,1,44.38,24.73,20.5
42.09,11,369.93,4,0.05,1,31.61,11.7,8.79
43.16,3,188.3,1,0.3,4,32.27,5.83,4.36
33.85,23,1154.96,2,0.1,4,25.37,45.53,34.12
57.38,2,455.59,2,0.09,1,44.57,10.22,7.94
4.1,16,942.21,4,0.04,3,3.58,262.94,229.79
49.36,21,1128.22,2,0.02,5,46.17,24.43,22.86
5.06,10,662.35,2,0.02,4,5.18,127.79,130.92
44.79,24,893.11,3,0.14,2,27.64,32.32,19.94
43.58,28,350.49,2,0.2,4,28.01,12.51,8.04
37.16,6,433.82,5,0.24,4,20.4,21.27,11.67
8.39,2,298.99,2,0.08,2,7.61,39.27,35.63
32.98,4,1331.4,2,0.01,3,32.58,40.86,40.37
13.98,25,1085.11,5,0.04,1,10.02,108.33,77.62
17.96,4,33.4,5,0.15,3,14.87,2.25,1.86
59.59,20,184.48,4,0.11,5,42.82,4.31,3.1
42.13,1,59.58,5,0.27,2,29.01,2.05,1.41
16.6,9,1264.41,2,0.19,3,13.11,96.46,76.15
30.72,19,911.81,1,0.21,3,19.67,46.35,29.68
53.68,4,1195.5,0,0.11,4,56.99,20.98,22.27
35.43,22,416.89,0,0.02,4,33.76,12.35,11.77
11.86,16,478.02,1,0.07,3,11.25,42.5,40.32
29.97,24,439.2,3,0.29,3,16.16,27.17,14.65
21.37,7,960.87,5,0.23,3,16.37,58.7,44.96
21.05,8,8.78,5,0.23,5,12.96,0.68,0.42
52.64,25,1150.58,0,0.2,1,25.38,45.34,21.86
20.66,15,331.16,3,0.17,5,18.98,17.45,16.03
13.36,26,515.14,5,0.21,1,8.33,61.82,38.57
50.89,9,327.02,4,0.13,2,30.56,10.7,6.43
53.67,17,196.61,0,0.12,2,46.59,4.22,3.66
45.51,21,662.46,4,0.17,1,30.78,21.52,14.56
16.94,15,523.31,0,0.1,3,16.22,32.26,30.89
29.79,12,366.82,0,0.05,4,31.9,11.5,12.31
47.45,22,1314.9,4,0.33,3,31.14,42.22,27.71
21.12,2,1087.42,2,0.1,2,17.63,61.67,51.48
31.13,20,532.22,0,0.03,4,32.56,16.34,17.1
56.59,2,709.0,0,0.31,2,23.0,30.83,12.53
7.76,13,330.23,1,0.02,1,6.8,48.53,42.57
24.65,20,588.44,4,0.1,1,15.84,37.14,23.87
26.79,27,600.91,5,0.0,2,23.06,26.06,22.43
21.26,30,873.7,1,0.25,2,13.8,63.29,41.09
14.78,25,815.12,2,0.07,5,15.12,53.92,55.14
58.63,26,742.14,5,0.02,3,45.97,16.14,12.66
28.46,2,895.03,2,0.32,4,27.01,33.14,31.45
10.05,8,380.32,2,0.08,1,8.1,46.94,37.83
49.35,30,513.56,4,0.05,5,42.91,11.97,10.41
27.54,17,655.39,2,0.25,5,21.58,30.37,23.8
8.26,1,859.7,2,0.0,1,7.96,108.06,104.12
40.69,11,1201.21,3,0.14,2,34.06,35.27,29.52
55.93,25,234.45,2,0.06,4,55.83,4.2,4.19
56.01,29,702.28,3,0.0,1,46.55,15.09,12.54
54.86,4,901.98,0,0.11,3,47.42,19.02,16.44
19.99,14,464.57,5,0.29,1,12.15,38.24,23.25
15.37,12,1049.96,0,0.07,3,15.99,65.66,68.31
14.05,23,314.9,4,0.23,1,10.13,31.1,22.41
39.87,22,454.71,5,0.16,3,25.65,17.73,11.4
13.29,3,1080.1,5,0.06,5,13.63,79.25,81.25
31.58,12,1162.98,1,0.04,3,29.24,39.77,36.82
42.58,28,1375.9,2,0.0,3,40.56,33.92,32.31
44.76,1,628.1,5,0.23,4,22.99,27.32,14.03
53.34,8,49.53,1,0.32,5,38.37,1.29,0.93
26.4,11,149.58,3,0.04,4,26.03,5.75,5.67
32.2,14,39.92,2,0.0,5,34.31,1.16,1.24
29.99,14,213.16,5,0.15,4,19.33,11.03,7.11
41.99,13,1125.76,4,0.05,4,39.77,28.31,26.81
7.7,29,175.88,5,0.13,5,6.85,25.68,22.85
4.69,19,111.0,5,0.24,5,4.36,25.46,23.65
37.9,21,1389.79,0,0.09,3,36.62,37.96,36.67
28.93,11,492.06,3,0.18,2,21.79,22.58,17.01
50.3,7,827.09,0,0.29,5,34.03,24.3,16.44
4.15,17,799.56,1,0.11,4,4.06,197.1,192.72
57.85,25,1084.58,0,0.05,4,57.74,18.78,18.75
34.04,19,103.78,5,0.12,3,23.98,4.33,3.05
50.44,4,1040.11,2,0.12,1,32.04,32.47,20.62
21.62,29,191.85,2,0.13,1,16.0,11.99,8.87
30.26,10,121.44,0,0.21,2,28.37,4.28,4.01
19.15,1,178.47,0,0.21,3,19.32,9.24,9.32
26.86,9,1322.13,4,0.25,4,17.34,76.24,49.22
41.16,9,632.54,5,0.14,4,29.72,21.28,15.37
32.68,23,331.19,1,0.1,2,28.68,11.55,10.13
35.75,14,437.88,4,0.28,4,22.21,19.71,12.25
56.21,14,835.97,2,0.18,1,34.95,23.92,14.87
17.09,24,876.07,5,0.19,1,10.66,82.19,51.27
58.96,18,387.09,1,0.15,3,31.49,12.29,6.57
39.63,19,353.51,3,0.28,3,21.36,16.55,8.92
49.94,30,998.17,5,0.04,3,41.85,23.85,19.99
43.58,19,1262.21,1,0.07,2,31.23,40.42,28.97
26.06,2,226.27,5,0.18,1,20.08,11.27,8.68
45.34,6,835.81,3,0.25,2,23.51,35.55,18.43
49.01,27,1119.69,3,0.27,5,34.01,32.92,22.85
42.87,23,1220.14,1,0.3,4,31.93,38.21,28.46
42.99,20,560.12,5,0.14,5,28.31,19.79,13.03
19.25,16,1333.44,5,0.12,3,14.33,93.07,69.27
41.11,15,945.14,3,0.07,4,36.7,25.76,22.99
5.25,6,671.31,1,0.06,1,4.44,151.22,127.87
12.87,27,219.89,0,0.18,3,12.33,17.83,17.09
41.07,21,923.45,3,0.28,1,25.13,36.75,22.48
55.0,22,1029.17,0,0.26,2,29.61,34.76,18.71
48.38,4,478.98,4,0.2,5,36.65,13.07,9.9
32.03,3,35.37,1,0.23,5,23.02,1.54,1.1
28.31,13,140.54,2,0.11,2,20.78,6.76,4.96
39.35,27,825.01,1,0.14,4,30.24,27.28,20.96
18.54,25,1226.22,1,0.18,1,13.05,93.95,66.13
56.09,10,381.34,3,0.24,4,35.81,10.65,6.8
49.96,12,523.29,3,0.32,3,21.34,24.52,10.47
51.95,16,485.24,1,0.01,5,54.74,8.86,9.34
18.58,7,122.44,2,0.01,3,18.39,6.66,6.59
31.75,1,756.16,3,0.0,5,33.59,22.51,23.81
37.71,27,1238.95,5,0.18,1,19.67,62.99,32.86
43.69,7,541.58,1,0.09,5,35.07,15.44,12.4
44.9,17,435.21,5,0.0,4,43.31,10.05,9.69
22.04,13,165.59,4,0.11,5,17.08,9.7,7.51
7.95,12,384.09,1,0.07,3,7.8,49.26,48.28
59.82,23,782.7,1,0.3,1,29.12,26.88,13.08
20.14,18,203.01,3,0.13,4,18.03,11.26,10.08
16.5,20,1317.75,5,0.16,1,11.56,113.98,79.85
15.24,24,915.19,4,0.11,4,13.51,67.74,60.06
28.87,2,17.91,0,0.11,5,33.12,0.54,0.62
41.92,23,1372.41,2,0.32,5,28.51,48.15,32.74
56.26,6,670.99,1,0.3,3,21.73,30.88,11.93
48.93,9,357.83,0,0.27,1,25.34,14.12,7.31
56.57,29,1049.11,3,0.2,5,35.9,29.22,18.55
27.09,15,1091.01,0,0.01,3,27.83,39.21,40.27
51.29,4,227.74,1,0.11,2,44.71,5.09,4.44
21.41,10,1353.12,4,0.13,3,17.01,79.55,63.19
15.27,27,334.28,0,0.01,3,15.53,21.52,21.89
52.94,21,227.71,0,0.32,3,20.04,11.36,4.3
45.19,26,54.68,5,0.24,4,25.2,2.17,1.21
34.85,23,890.76,4,0.13,3,29.91,29.78,25.56
6.33,24,14.46,3,0.0,1,5.53,2.62,2.28
53.87,23,1133.98,2,0.06,2,41.0,27.66,21.05
9.19,8,1331.67,0,0.11,4,9.59,138.92,144.84
58.44,27,860.03,3,0.02,3,52.07,16.52,14.72
39.42,18,1142.57,0,0.16,3,27.42,41.67,28.98
5.78,14,963.54,2,0.01,4,5.83,165.15,166.73
57.67,19,596.53,2,0.33,4,22.2,26.87,10.34
17.75,2,629.31,2,0.2,1,13.52,46.55,35.46
32.74,29,1352.79,4,0.24,2,17.69,76.46,41.33
42.2,4,491.29,4,0.28,4,26.97,18.21,11.64
13.29,1,460.55,0,0.05,5,15.58,29.56,34.65
23.01,23,449.61,4,0.12,4,18.5,24.3,19.54
16.88,3,1322.43,3,0.3,5,12.91,102.46,78.33
25.09,4,560.99,2,0.22,2,15.63,35.9,22.36
47.91,10,316.57,2,0.28,4,30.45,10.4,6.61
19.43,21,420.15,1,0.05,2,18.23,23.05,21.62
32.84,28,1017.91,1,0.13,2,25.11,40.55,31.0
41.04,20,370.23,5,0.02,2,30.8,12.02,9.02
27.4,4,249.29,2,0.12,1,21.88,11.39,9.1
38.8,26,810.33,0,0.25,3,20.73,39.08,20.88
32.45,29,47.29,0,0.0,2,33.31,1.42,1.46
52.23,23,16.72,5,0.18,5,36.08,0.46,0.32
21.23,28,119.24,1,0.19,3,15.85,7.52,5.62
42.32,12,688.1,2,0.27,2,24.27,28.35,16.26
4.62,6,1207.65,2,0.1,5,4.84,249.65,261.37
47.45,20,1230.42,5,0.26,1,22.53,54.62,25.93
59.06,8,226.69,2,0.01,5,61.89,3.66,3.84
17.34,1,1142.61,3,0.19,1,12.7,89.97,65.9
31.45,5,702.53,1,0.2,1,18.33,38.33,22.34
14.17,5,512.49,3,0.12,4,13.6,37.68,36.15
20.58,18,83.47,2,0.11,2,18.53,4.5,4.06
38.65,13,1326.81,1,0.27,5,21.93,60.49,34.33
4.16,28,403.27,2,0.24,2,3.84,104.92,96.89
20.89,25,453.61,3,0.06,5,19.53,23.22,21.72
14.93,29,537.56,5,0.31,3,10.29,52.22,36.0
15.75,22,828.4,3,0.21,2,12.26,67.55,52.61
47.38,4,345.69,5,0.25,5,38.75,8.92,7.3
18.19,10,379.64,2,0.33,3,12.42,30.57,20.87
14.32,20,790.15,0,0.09,5,14.73,53.65,55.17
45.44,15,847.64,0,0.01,5,51.16,16.57,18.65
52.56,19,948.31,5,0.11,4,34.2,27.72,18.04
26.39,30,182.84,5,0.11,2,18.31,9.99,6.93
29.65,27,618.55,0,0.27,2,19.4,31.88,20.87
41.51,19,1228.97,0,0.16,5,26.52,46.34,29.6
38.74,23,497.71,0,0.3,4,23.29,21.37,12.85
38.64,25,967.17,2,0.01,3,36.6,26.43,25.03
56.54,18,172.39,0,0.24,1,23.6,7.31,3.05
11.6,7,413.95,1,0.09,1,9.32,44.41,35.67
11.98,23,1001.75,3,0.03,5,12.24,81.88,83.59
33.93,12,743.04,3,0.18,4,29.29,25.37,21.9
44.14,19,240.03,0,0.03,4,42.75,5.61,5.44
59.37,22,523.13,5,0.11,4,43.38,12.06,8.81
13.69,17,64.29,0,0.28,1,10.26,6.27,4.7
10.49,9,1094.62,1,0.11,5,10.8,101.32,104.36
30.17,8,390.0,4,0.04,3,25.33,15.39,12.93
6.16,29,950.36,5,0.18,2,4.52,210.18,154.24
41.1,25,76.11,0,0.2,1,26.89,2.83,1.85
48.32,14,1068.89,1,0.08,4,45.54,23.47,22.12
19.01,18,656.36,4,0.12,2,15.25,43.03,34.52
21.56,9,1380.63,2,0.22,4,15.24,90.56,64.02
36.02,7,950.66,3,0.01,2,32.93,28.87,26.39
20.64,15,304.31,5,0.16,2,15.09,20.17,14.74
4.21,11,1338.43,5,0.25,4,3.89,343.93,317.93
36.33,6,103.23,3,0.15,4,33.81,3.05,2.84
19.49,4,122.91,3,0.2,5,15.41,7.97,6.31
7.84,12,1285.41,3,0.23,1,5.84,219.94,163.94
38.43,6,202.93,1,0.18,2,30.6,6.63,5.28
16.08,6,670.26,4,0.15,2,13.12,51.11,41.68
51.28,4,1160.61,3,0.12,2,30.41,38.17,22.63
32.4,2,877.72,4,0.17,3,23.9,36.73,27.09
58.39,12,628.29,3,0.09,2,35.97,17.47,10.76
7.64,1,67.07,0,0.19,5,7.92,8.47,8.78
43.65,16,387.55,5,0.23,2,20.78,18.65,8.88
33.04,22,103.88,1,0.01,4,34.81,2.98,3.14
42.41,27,1104.7,0,0.19,1,33.7,32.78,26.05
30.31,4,53.46,0,0.06,3,28.32,1.89,1.76
46.4,27,463.6,2,0.28,2,30.3,15.3,9.99
58.26,6,1211.32,5,0.31,3,45.01,26.91,20.79
21.48,21,205.38,5,0.3,5,14.84,13.84,9.56
26.04,15,761.47,0,0.02,1,21.9,34.77,29.24
26.17,27,380.12,5,0.25,1,19.62,19.37,14.52
11.39,24,264.2,3,0.11,1,8.65,30.54,23.2
32.09,10,324.76,4,0.3,5,22.85,14.22,10.12
34.34,9,1238.76,1,0.14,5,31.22,39.68,36.07
8.17,21,489.9,5,0.24,5,7.2,68.02,59.97
49.36,25,1390.73,3,0.05,3,38.59,36.03,28.17
49.86,17,1208.93,5,0.24,2,28.47,42.47,24.25
17.76,28,114.33,5,0.21,5,13.45,8.5,6.44
33.3,26,620.78,3,0.09,3,24.8,25.03,18.64
36.63,3,868.91,1,0.12,3,26.4,32.92,23.72
58.92,14,396.73,5,0.27,1,27.23,14.57,6.73
52.41,3,531.89,0,0.23,2,47.11,11.29,10.15
17.17,16,494.53,1,0.2,4,15.9,31.1,28.8
29.87,3,138.55,5,0.32,3,21.88,6.33,4.64
38.45,6,367.0,3,0.27,4,24.13,15.21,9.55
42.97,27,889.27,3,0.29,1,18.3,48.59,20.7
14.74,4,1320.0,2,0.01,1,12.56,105.07,89.54
5.54,8,1254.63,0,0.16,2,5.52,227.11,226.29
40.85,3,900.06,2,0.25,4,23.06,39.03,22.03
56.21,18,1195.8,3,0.3,4,21.69,55.14,21.27
14.51,23,752.38,1,0.08,1,11.69,64.38,51.84
32.27,18,1279.78,2,0.17,3,26.31,48.64,39.65
37.12,6,742.97,1,0.09,1,26.55,27.98,20.02
51.3,12,230.55,1,0.04,4,49.44,4.66,4.49
26.54,6,555.73,4,0.08,4,22.53,24.67,20.94
49.15,29,258.21,5,0.21,1,32.32,7.99,5.25
19.53,14,1328.71,5,0.31,5,14.69,90.45,68.04
56.41,1,538.28,1,0.33,1,30.59,17.59,9.54
37.59,20,1231.77,2,0.28,1,21.3,57.82,32.77
4.34,21,867.82,2,0.1,2,3.79,228.85,199.96
35.36,7,1332.75,4,0.06,3,28.79,46.29,37.69
18.2,30,516.2,5,0.15,4,15.06,34.27,28.37
37.27,25,345.19,3,0.12,1,24.42,14.13,9.26
12.93,18,1148.56,2,0.33,4,9.58,119.85,88.84
37.11,20,755.67,5,0.33,3,26.99,27.99,20.36
32.62,6,893.7,2,0.04,1,26.88,33.25,27.39
9.36,17,444.29,3,0.03,3,8.8,50.48,47.47
37.33,17,1275.4,0,0.31,5,24.74,51.55,34.16
21.91,23,998.8,0,0.22,4,20.48,48.77,45.59
9.37,23,1371.09,2,0.04,5,9.22,148.77,146.34
25.8,6,21.93,3,0.18,1,16.17,1.36,0.85
59.03,14,1192.19,5,0.15,5,43.78,27.23,20.2
18.7,5,462.54,3,0.14,1,14.64,31.59,24.73
30.63,7,221.5,4,0.05,2,26.75,8.28,7.23
26.9,11,703.21,1,0.21,4,21.56,32.61,26.14
44.32,20,503.44,0,0.26,3,35.99,13.99,11.36
32.44,12,1045.63,5,0.0,5,31.89,32.79,32.23
42.83,11,834.62,1,0.05,5,40.5,20.61,19.49
30.49,10,1364.39,1,0.24,1,21.94,62.18,44.75
55.8,22,1083.86,2,0.02,1,45.38,23.88,19.42
49.99,15,943.08,0,0.29,2,30.6,30.82,18.87
25.58,26,309.79,4,0.1,3,20.1,15.41,12.11
23.57,17,658.97,1,0.2,2,16.52,39.88,27.96
26.48,28,1098.04,5,0.09,5,20.37,53.9,41.46
59.8,26,820.65,0,0.1,2,42.68,19.23,13.72
42.63,21,801.25,5,0.24,1,19.11,41.94,18.8
43.57,5,680.78,2,0.01,2,39.67,17.16,15.62
8.96,20,218.88,2,0.32,2,6.99,31.33,24.42
34.75,4,319.13,1,0.27,3,31.39,10.17,9.18
55.45,19,1154.08,0,0.3,3,37.07,31.13,20.81
43.87,16,1212.9,5,0.04,1,34.57,35.09,27.65
12.84,7,214.67,5,0.16,2,9.95,21.58,16.73
43.06,26,874.98,3,0.32,4,18.52,47.24,20.32
40.62,24,918.7,3,0.06,3,32.27,28.47,22.62
38.08,14,497.32,1,0.32,3,19.38,25.66,13.06
12.65,13,1343.47,1,0.13,3,12.14,110.67,106.22
28.18,4,398.48,1,0.3,4,19.9,20.02,14.14
48.51,10,324.72,0,0.22,2,24.07,13.49,6.69
45.79,5,1003.21,1,0.24,2,35.62,28.17,21.91
58.93,10,113.46,3,0.05,4,46.48,2.44,1.93
7.06,11,1154.24,0,0.19,1,5.61,205.83,163.38
28.78,14,843.21,1,0.04,3,27.71,30.44,29.3
30.73,26,770.89,0,0.08,2,26.77,28.79,25.09
32.34,15,689.48,1,0.18,5,31.8,21.68,21.32
30.51,1,187.74,0,0.31,3,18.74,10.02,6.15
50.22,2,335.99,5,0.07,5,47.46,7.08,6.69
27.12,5,913.47,3,0.19,4,23.28,39.23,33.68
21.11,7,526.73,5,0.16,1,15.41,34.18,24.95
14.99,17,589.31,1,0.25,5,15.74,37.44,39.31
22.83,14,909.1,3,0.29,4,16.97,53.57,39.82
50.5,20,987.48,1,0.01,5,57.44,17.19,19.56
14.39,29,759.57,4,0.27,2,11.42,66.53,52.78
52.42,29,242.55,2,0.1,3,46.71,5.19,4.63
15.9,26,337.73,5,0.0,1,12.29,27.48,21.24
36.59,19,854.27,4,0.1,2,28.55,29.92,23.34
43.99,19,1168.04,0,0.22,3,41.38,28.23,26.55
51.55,24,567.59,0,0.3,1,41.13,13.8,11.01
22.18,5,830.32,1,0.32,4,15.76,52.69,37.44
13.38,4,570.31,3,0.09,4,12.31,46.32,42.62
49.97,25,957.94,1,0.07,3,45.17,21.21,19.17
32.07,20,770.84,5,0.12,1,19.26,40.02,24.04
45.69,2,693.45,0,0.2,5,34.43,20.14,15.18
24.5,13,704.88,3,0.1,5,23.94,29.44,28.77
37.7,15,102.58,5,0.28,2,21.37,4.8,2.72
26.71,5,1374.61,2,0.25,4,17.6,78.09,51.46
20.12,6,917.86,3,0.14,5,18.03,50.92,45.61
41.48,9,504.93,4,0.32,4,32.36,15.6,12.17
44.08,21,117.6,2,0.13,5,45.47,2.59,2.67
4.83,16,1209.59,0,0.32,3,4.5,269.0,250.22
40.86,4,480.18,1,0.15,2,25.1,19.13,11.75
54.82,18,200.6,3,0.02,4,50.57,3.97,3.66
40.23,5,325.42,5,0.3,4,25.54,12.74,8.09
16.17,17,764.19,4,0.05,2,13.79,55.42,47.25
35.91,30,1382.8,3,0.29,2,22.12,62.52,38.51
5.62,20,391.27,5,0.18,2,4.49,87.23,69.6
34.98,15,257.69,0,0.23,2,30.21,8.53,7.37
33.63,13,774.58,3,0.26,1,18.5,41.87,23.03
54.59,18,1341.19,0,0.18,1,34.04,39.4,24.57
13.38,28,20.46,1,0.0,2,12.46,1.64,1.53
29.78,17,740.84,5,0.14,4,25.43,29.14,24.88
42.64,4,840.2,1,0.31,2,21.56,38.97,19.7
30.36,1,895.56,0,0.31,1,16.46,54.42,29.5
47.03,19,91.66,0,0.07,3,41.68,2.2,1.95
11.82,30,591.93,0,0.3,5,12.06,49.07,50.09
12.84,25,725.87,3,0.25,3,10.32,70.32,56.52
19.89,9,719.42,1,0.31,2,17.05,42.21,36.17
33.84,30,1250.41,0,0.1,2,25.54,48.96,36.95
44.65,21,681.67,2,0.13,4,40.06,17.02,15.27
34.65,12,343.35,5,0.2,5,23.33,14.72,9.91
42.77,4,757.55,0,0.11,3,31.28,24.22,17.71
50.58,20,911.03,2,0.17,5,30.34,30.03,18.01
48.73,17,476.92,4,0.28,1,23.71,20.11,9.79
47.63,2,1101.68,5,0.11,5,44.44,24.79,23.13
35.98,3,655.11,3,0.26,5,24.66,26.56,18.21
29.66,21,277.38,1,0.11,3,27.07,10.25,9.35
9.17,28,519.86,4,0.08,3,7.83,66.36,56.66
53.42,5,396.09,1,0.21,5,48.63,8.15,7.42
12.06,1,236.41,5,0.23,1,7.4,31.93,19.6
44.36,12,676.51,5,0.15,5,30.17,22.42,15.25
6.53,6,352.29,2,0.25,4,6.36,55.37,53.96
51.65,11,1203.77,5,0.02,5,51.31,23.46,23.31
25.12,16,1209.25,3,0.23,1,17.62,68.64,48.14
28.12,27,624.39,5,0.12,1,16.63,37.53,22.2
20.67,2,567.95,4,0.15,2,13.83,41.05,27.48
26.77,4,796.33,2,0.26,3,24.87,32.02,29.75
16.01,25,270.26,2,0.24,3,12.74,21.21,16.88
45.11,12,1168.09,3,0.12,1,38.64,30.23,25.9
51.05,18,587.04,5,0.05,3,38.86,15.1,11.5
22.56,26,264.49,2,0.31,5,14.87,17.78,11.72
58.16,23,884.31,4,0.07,3,39.91,22.16,15.21
47.43,15,1172.66,3,0.21,5,29.73,39.45,24.73
17.74,19,709.65,2,0.28,2,12.91,54.99,39.99
51.9,27,647.28,5,0.17,5,26.5,24.43,12.47
32.11,13,221.67,0,0.23,1,21.4,10.36,6.9
28.42,29,1181.31,1,0.17,1,18.89,62.53,41.56
21.41,28,483.75,2,0.19,4,16.83,28.74,22.6
19.81,11,1311.83,5,0.17,4,16.93,77.5,66.23
38.9,20,904.86,3,0.31,5,27.86,32.48,23.26
4.18,21,1208.91,4,0.14,1,3.04,397.68,289.13
4.78,10,1030.05,2,0.31,4,4.67,220.77,215.69
36.4,24,449.05,0,0.0,4,36.61,12.27,12.34
19.72,13,855.36,1,0.01,2,17.91,47.75,43.37
21.64,23,429.3,1,0.15,4,19.92,21.55,19.84
12.15,17,755.86,1,0.17,5,11.59,65.19,62.21
41.89,17,1331.58,1,0.14,2,28.97,45.97,31.79
45.13,12,1357.25,2,0.03,4,45.35,29.93,30.07
59.54,13,118.5,2,0.05,5,56.17,2.11,1.99
34.55,30,1326.83,4,0.01,1,26.69,49.71,38.4
47.37,2,839.22,0,0.18,3,28.49,29.45,17.72
45.48,6,732.18,0,0.18,2,28.52,25.67,16.1
42.8,25,953.81,3,0.33,3,31.98,29.82,22.29
56.17,9,1174.48,4,0.2,1,26.83,43.78,20.91
38.66,10,710.07,3,0.3,4,29.57,24.01,18.37
8.41,19,155.23,2,0.1,3,7.92,19.6,18.46
5.6,18,1261.12,3,0.23,2,4.35,289.83,225.22
43.59,6,1204.15,5,0.16,1,25.03,48.1,27.62
12.5,20,883.26,3,0.19,3,10.07,87.74,70.63
34.5,12,717.39,5,0.12,3,28.58,25.1,20.8
29.7,17,1123.73,4,0.02,1,24.2,46.44,37.84
56.24,20,700.97,0,0.19,5,30.37,23.08,12.46
54.87,17,180.33,5,0.12,4,40.03,4.51,3.29
56.13,18,438.71,0,0.11,3,50.65,8.66,7.82
12.74,18,309.85,4,0.08,4,12.29,25.22,24.32
27.54,7,619.52,0,0.27,2,19.94,31.06,22.49
29.57,24,607.64,2,0.2,5,19.94,30.48,20.55
32.16,22,619.96,5,0.03,2,22.96,27.01,19.28
17.26,14,756.35,4,0.18,3,15.31,49.39,43.82
59.94,15,1034.39,3,0.23,2,29.59,34.96,17.26
40.81,1,305.87,1,0.14,2,28.2,10.85,7.5
51.16,17,775.04,5,0.31,4,24.91,31.11,15.15
4.45,8,325.27,5,0.27,4,3.96,82.22,73.1
21.53,15,1288.61,4,0.3,1,15.11,85.28,59.86
53.8,10,1059.93,3,0.18,2,32.22,32.9,19.7
14.48,30,1367.5,3,0.3,4,11.01,124.18,94.41
53.56,8,921.83,0,0.14,4,36.39,25.33,17.21
15.4,15,243.49,0,0.24,4,13.63,17.87,15.81
43.19,27,921.71,1,0.08,3,32.09,28.72,21.34
23.61,9,310.98,2,0.26,2,19.91,15.62,13.17
27.74,11,1022.12,0,0.21,1,16.71,61.16,36.85
8.75,8,656.85,2,0.1,2,7.83,83.86,75.06
27.42,9,76.19,5,0.29,1,14.17,5.38,2.78
19.57,16,1251.75,0,0.03,3,19.76,63.34,63.96
11.23,8,216.83,0,0.19,5,12.39,17.5,19.31
23.07,21,1214.21,0,0.16,1,19.36,62.72,52.64
37.15,3,1059.48,5,0.23,1,19.99,52.99,28.52
15.05,13,1170.23,3,0.17,4,13.17,88.82,77.75
35.33,22,86.03,3,0.29,2,19.84,4.34,2.43
51.97,11,387.81,1,0.05,1,40.14,9.66,7.46
44.74,25,905.67,4,0.06,4,38.78,23.35,20.24
53.53,23,212.87,2,0.27,1,24.87,8.56,3.98
14.04,19,528.95,4,0.23,3,10.16,52.04,37.69
6.17,13,147.42,0,0.29,3,5.75,25.65,23.88
15.63,11,591.24,5,0.26,4,10.86,54.42,37.84
24.82,14,632.29,0,0.03,4,25.47,24.83,25.47
57.17,28,1189.23,4,0.26,4,34.28,34.69,20.8
36.35,17,904.46,2,0.28,4,31.36,28.84,24.88
58.76,6,520.46,4,0.09,4,42.82,12.15,8.86
52.26,15,1339.31,0,0.07,1,38.88,34.45,25.63
43.78,6,57.45,2,0.33,3,35.88,1.6,1.31
33.98,1,95.86,2,0.01,1,27.58,3.48,2.82
16.76,13,330.52,3,0.26,2,13.88,23.81,19.72
18.53,25,1163.84,5,0.33,4,15.57,74.74,62.81
37.24,23,598.46,0,0.07,5,38.53,15.53,16.07
31.86,4,1110.34,4,0.18,5,23.76,46.73,34.85
7.12,9,603.84,5,0.02,4,6.37,94.85,84.77
50.66,24,346.14,1,0.31,3,34.49,10.04,6.83
18.16,14,707.98,2,0.3,2,13.35,53.02,38.99
7.01,30,1161.64,1,0.24,2,6.14,189.15,165.68
16.63,19,1341.14,1,0.24,3,15.0,89.43,80.63
44.4,8,647.51,2,0.14,4,36.13,17.92,14.58
4.68,12,747.3,3,0.23,3,4.37,171.06,159.61
30.34,26,473.58,2,0.24,1,20.65,22.93,15.61
46.29,2,342.15,4,0.1,5,35.27,9.7,7.39
18.38,28,664.12,5,0.32,3,12.96,51.24,36.14
27.7,29,123.92,4,0.26,5,20.7,5.99,4.47
24.42,5,257.29,4,0.11,2,18.47,13.93,10.54
43.17,26,473.11,2,0.09,3,32.25,14.67,10.96
13.12,21,818.32,5,0.27,3,9.47,86.39,62.35
33.01,20,365.14,1,0.16,4,22.45,16.27,11.06
32.54,14,522.7,1,0.07,2,27.63,18.92,16.06
9.05,8,154.89,3,0.03,3,8.61,17.98,17.12
9.18,15,69.03,2,0.09,3,8.61,8.02,7.52
40.59,2,1094.28,3,0.09,5,31.47,34.77,26.96
55.05,4,334.11,1,0.0,5,60.95,5.48,6.07
6.97,7,454.58,2,0.18,3,6.23,73.02,65.23
11.6,24,1337.46,1,0.2,3,9.96,134.32,115.3
28.31,10,945.89,3,0.25,4,27.24,34.72,33.41
4.44,25,117.24,0,0.32,4,4.16,28.21,26.39
18.82,7,61.86,1,0.32,4,16.13,3.83,3.29
29.27,2,1054.51,4,0.21,3,17.04,61.89,36.03
29.81,2,1036.25,3,0.31,2,18.27,56.71,34.76
33.8,20,876.16,0,0.06,3,31.34,27.96,25.92
17.27,2,39.38,4,0.15,2,14.78,2.66,2.28
19.7,12,328.44,5,0.12,4,15.18,21.63,16.67
14.33,24,816.78,2,0.08,1,10.98,74.36,56.99
22.58,7,1047.84,2,0.22,3,20.69,50.65,46.41
31.72,28,168.91,0,0.31,2,17.95,9.41,5.33
14.61,5,1082.55,4,0.09,5,14.21,76.2,74.08
32.45,21,471.04,2,0.14,2,23.44,20.1,14.52
7.71,4,1079.68,2,0.18,2,6.5,166.1,140.05
53.98,25,688.26,3,0.14,5,43.03,15.99,12.75
29.93,24,162.62,0,0.09,5,28.38,5.73,5.43
57.91,14,270.21,0,0.31,1,33.81,7.99,4.67
31.32,29,1234.22,1,0.11,2,24.4,50.58,39.41
32.3,15,521.77,4,0.14,1,21.46,24.31,16.15
18.98,18,187.5,3,0.04,2,16.67,11.25,9.88
45.48,6,1031.27,0,0.03,2,44.28,23.29,22.67
48.72,2,1086.13,0,0.24,2,23.53,46.17,22.29
31.85,22,1086.19,3,0.26,2,21.17,51.32,34.1
59.1,14,798.65,0,0.15,5,63.4,12.6,13.51
4.99,9,187.21,4,0.3,4,4.48,41.8,37.48
25.14,26,899.17,0,0.08,4,24.68,36.43,35.77
11.0,1,735.25,2,0.23,5,11.69,62.92,66.86
17.52,21,448.58,4,0.01,1,14.84,30.23,25.6
41.6,29,499.36,1,0.21,5,38.01,13.14,12.0
55.2,27,1121.83,0,0.28,3,22.29,50.32,20.32
27.68,24,938.0,0,0.23,2,22.49,41.7,33.89
10.03,2,454.36,2,0.33,3,8.91,50.98,45.29
13.08,13,198.44,5,0.19,1,8.6,23.07,15.18
32.68,22,659.47,2,0.11,5,26.94,24.48,20.18
43.37,30,1077.2,5,0.06,3,35.83,30.07,24.84
49.31,7,438.58,1,0.27,1,32.36,13.55,8.89
15.72,6,68.16,0,0.16,5,15.57,4.38,4.34
4.4,27,538.32,5,0.09,2,3.74,143.96,122.36
30.2,4,1366.39,3,0.08,5,28.09,48.64,45.24
43.56,14,1318.1,0,0.24,1,21.71,60.73,30.26
13.72,24,296.91,2,0.11,3,12.25,24.23,21.63
40.86,11,608.43,5,0.22,1,22.11,27.52,14.89
54.73,21,28.24,5,0.32,4,23.47,1.2,0.52
41.11,14,928.71,0,0.26,4,26.19,35.46,22.59
43.27,9,1224.93,0,0.07,2,41.99,29.17,28.31
49.54,5,1163.74,2,0.11,4,42.83,27.17,23.49
51.77,25,645.68,1,0.24,3,41.96,15.39,12.47
55.4,17,645.87,3,0.21,1,27.12,23.82,11.66
39.93,19,38.74,1,0.18,2,28.9,1.34,0.97
17.46,12,926.13,3,0.04,2,15.81,58.58,53.05
38.81,28,217.45,1,0.01,3,37.55,5.79,5.6
40.23,30,556.17,1,0.08,4,36.22,15.35,13.82
34.45,19,126.57,5,0.05,1,27.24,4.65,3.67
43.65,13,582.01,0,0.12,2,32.4,17.96,13.33
27.16,20,331.0,2,0.32,3,22.09,14.99,12.19
20.98,4,365.15,1,0.16,4,16.79,21.75,17.41
10.79,8,1234.41,3,0.29,3,8.7,141.86,114.43
30.75,27,540.85,1,0.08,3,29.49,18.34,17.59
28.91,17,486.18,5,0.08,3,24.46,19.87,16.82
16.8,20,1186.87,2,0.23,1,12.66,93.74,70.65
59.23,22,1197.95,2,0.16,5,31.86,37.61,20.23
16.17,1,1221.57,1,0.08,2,13.95,87.58,75.52
57.71,30,482.24,3,0.19,1,46.63,10.34,8.36
6.25,5,1194.83,2,0.28,1,5.69,210.0,191.2
57.87,25,470.53,2,0.07,3,40.78,11.54,8.13
32.5,14,709.95,1,0.13,4,23.56,30.13,21.84
28.51,3,789.06,0,0.33,5,16.62,47.47,27.67
18.21,12,308.25,0,0.22,5,15.2,20.28,16.93
56.9,29,896.26,3,0.29,4,22.41,40.0,15.75
50.16,24,25.88,1,0.31,1,22.34,1.16,0.52
22.7,3,1125.02,1,0.1,3,22.62,49.73,49.55
40.45,28,420.49,5,0.17,5,31.14,13.51,10.39
27.86,6,712.21,3,0.08,5,26.34,27.04,25.56
24.87,3,510.64,4,0.05,5,25.03,20.4,20.53
22.56,15,829.17,0,0.18,3,17.8,46.59,36.75
46.78,22,703.71,0,0.32,2,32.39,21.73,15.04
57.35,21,1331.89,0,0.18,4,32.7,40.73,23.22
13.06,12,718.04,4,0.29,5,9.81,73.23,54.98
36.89,18,1128.3,2,0.25,4,29.05,38.84,30.59
47.84,26,1353.88,0,0.2,1,35.04,38.64,28.3
6.81,27,1068.71,2,0.07,5,6.51,164.23,156.96
15.87,17,982.41,1,0.06,5,16.67,58.92,61.89
34.2,5,1361.72,3,0.32,1,17.05,79.89,39.81
39.32,18,849.67,1,0.23,4,25.83,32.89,21.61
43.84,1,965.13,5,0.05,3,36.14,26.7,22.01
20.23,30,750.94,0,0.07,2,18.7,40.17,37.11
30.34,23,19.91,1,0.3,4,25.8,0.77,0.66
30.16,9,393.25,4,0.12,1,19.96,19.7,13.04
29.86,12,609.29,2,0.26,2,23.14,26.33,20.41
29.72,7,65.05,0,0.32,4,18.37,3.54,2.19
32.85,27,258.4,4,0.16,2,24.47,10.56,7.87
18.6,24,165.46,1,0.17,1,13.65,12.12,8.9
48.05,14,86.1,0,0.1,4,42.04,2.05,1.79
29.53,28,801.59,0,0.31,2,23.81,33.66,27.14
17.82,14,785.43,3,0.31,3,14.49,54.2,44.09
18.28,24,1061.69,4,0.02,2,15.41,68.88,58.07
14.33,10,187.29,1,0.03,3,14.42,12.99,13.07
41.35,18,660.88,5,0.03,1,28.58,23.13,15.98
31.48,16,659.8,2,0.06,5,32.91,20.05,20.96
49.42,12,892.92,4,0.15,2,25.8,34.62,18.07
40.87,8,556.85,2,0.22,3,26.02,21.4,13.62
52.82,2,815.25,4,0.23,5,27.81,29.32,15.44
4.4,3,612.06,3,0.19,2,3.76,162.79,139.2
36.19,25,1381.11,4,0.12,2,25.91,53.31,38.17
41.17,2,911.1,2,0.24,1,26.74,34.08,22.13
47.25,30,18.86,0,0.21,3,24.56,0.77,0.4
22.49,16,16.82,4,0.0,2,18.97,0.89,0.75
25.14,20,440.55,5,0.15,1,15.91,27.7,17.53
19.62,29,1396.99,0,0.01,4,21.17,65.98,71.22
45.47,29,916.61,1,0.28,4,38.62,23.73,20.16
20.64,23,1292.5,1,0.0,5,21.25,60.83,62.62
57.41,12,1191.52,5,0.23,4,38.88,30.65,20.76
27.97,18,395.72,4,0.22,2,18.38,21.53,14.15
53.13,27,1146.06,3,0.05,2,36.67,31.25,21.57
10.99,15,1181.59,4,0.0,4,11.1,106.49,107.5
34.94,18,948.55,4,0.14,5,29.91,31.72,27.15
12.59,16,1264.76,5,0.04,1,11.02,114.82,100.47
19.48,22,587.24,5,0.21,1,11.22,52.34,30.15
12.09,20,1394.29,1,0.09,2,11.04,126.26,115.37
36.6,10,1187.14,2,0.16,2,23.71,50.08,32.43
51.18,4,854.22,1,0.27,2,40.15,21.28,16.69
19.8,8,362.28,4,0.3,2,14.88,24.34,18.3
16.32,2,861.73,2,0.03,1,13.03,66.16,52.81
34.96,17,697.29,1,0.06,2,30.79,22.65,19.95
16.21,5,86.78,3,0.17,1,13.93,6.23,5.36
35.47,19,1275.86,5,0.08,3,24.33,52.44,35.97
31.22,8,1350.03,5,0.02,2,26.92,50.15,43.25
48.04,16,1366.64,4,0.25,5,29.05,47.04,28.45
16.28,20,1016.95,4,0.22,4,14.04,72.44,62.48
38.1,1,723.65,3,0.11,1,28.68,25.23,18.99
35.27,11,142.22,3,0.25,5,19.51,7.29,4.03
5.48,6,588.13,5,0.11,1,4.29,137.18,107.41
57.1,13,176.87,1,0.3,3,23.4,7.56,3.1
27.41,9,1013.16,2,0.23,2,19.04,53.21,36.97
7.52,26,992.25,4,0.22,3,6.33,156.72,132.02
7.59,21,239.67,3,0.23,3,6.56,36.52,31.58
53.69,10,1325.83,1,0.24,3,40.67,32.6,24.69
35.7,15,846.03,0,0.09,2,29.03,29.14,23.7
43.7,7,71.63,1,0.25,1,24.1,2.97,1.64
37.02,30,629.35,4,0.13,4,25.1,25.08,17.0
27.22,30,150.02,2,0.23,2,18.47,8.12,5.51
24.96,5,653.76,5,0.14,3,18.94,34.52,26.19
30.72,18,1338.41,5,0.02,4,25.21,53.09,43.56
33.44,30,1150.89,0,0.08,3,26.55,43.35,34.42
23.38,21,959.95,4,0.14,2,15.88,60.44,41.06
45.59,29,487.61,4,0.13,2,33.4,14.6,10.69
26.64,24,829.41,5,0.09,2,19.68,42.15,31.13
28.09,26,508.76,3,0.33,3,22.11,23.01,18.11
8.44,5,1257.42,3,0.18,3,7.07,177.86,149.04
54.57,4,1305.82,5,0.01,4,47.47,27.51,23.93
26.66,8,659.54,5,0.09,4,21.56,30.59,24.74
41.14,3,811.5,1,0.12,2,36.34,22.33,19.73
40.67,11,870.35,0,0.01,5,44.43,19.59,21.4
14.19,20,701.81,5,0.32,2,9.83,71.39,49.46
51.7,22,538.74,5,0.3,2,24.08,22.37,10.42
46.31,7,737.32,2,0.22,4,40.68,18.13,15.92
43.62,15,249.35,4,0.12,5,37.89,6.58,5.72
50.86,18,45.41,2,0.15,5,31.35,1.45,0.89
29.28,17,665.72,1,0.28,4,24.47,27.21,22.73
55.92,30,479.74,2,0.28,1,33.26,14.42,8.58
11.76,27,454.74,3,0.12,4,10.46,43.47,38.67
18.53,25,404.42,0,0.27,5,18.7,21.62,21.83
30.55,5,735.86,4,0.26,1,19.3,38.13,24.09
39.9,21,947.91,2,0.04,5,38.75,24.46,23.76
10.2,28,691.33,0,0.02,4,10.4,66.45,67.79
52.54,2,414.55,3,0.3,3,20.68,20.05,7.89
22.64,18,277.23,3,0.31,4,19.07,14.54,12.25
33.6,4,820.34,0,0.3,4,27.92,29.38,24.41
29.6,24,282.18,1,0.24,3,18.35,15.37,9.53
50.39,3,622.95,4,0.14,5,35.68,17.46,12.36
10.11,30,821.7,4,0.09,3,9.12,90.08,81.29
35.14,27,1352.43,5,0.07,4,30.75,43.99,38.49
12.66,29,1002.13,1,0.03,4,12.69,78.98,79.17
21.24,5,20.02,5,0.15,3,15.67,1.28,0.94
57.3,18,1170.05,1,0.08,2,39.57,29.57,20.42
35.65,26,312.06,5,0.07,4,26.38,11.83,8.75
8.08,1,113.92,0,0.19,2,7.57,15.04,14.1
24.62,22,885.15,5,0.24,5,14.45,61.27,35.95
37.91,21,1136.77,3,0.07,3,31.04,36.62,29.99
49.31,9,1172.17,4,0.26,5,22.74,51.54,23.77
28.67,2,196.34,0,0.24,1,19.8,9.92,6.85
23.62,30,898.88,4,0.23,5,19.84,45.31,38.05
16.04,8,807.75,2,0.06,3,15.09,53.55,50.37
53.05,6,363.06,0,0.33,2,24.87,14.6,6.84
46.95,2,737.84,2,0.12,4,40.51,18.21,15.72
59.31,25,1096.36,5,0.13,5,39.73,27.59,18.48
52.76,23,230.17,1,0.16,4,32.1,7.17,4.36
40.53,15,224.39,5,0.2,1,21.58,10.4,5.54
4.9,29,631.73,3,0.15,1,3.57,177.18,128.95
31.91,11,265.95,2,0.3,2,23.53,11.3,8.33
57.24,25,916.87,1,0.21,4,44.19,20.75,16.02
52.04,8,736.86,4,0.1,1,36.48,20.2,14.16
22.5,30,333.15,1,0.32,4,14.81,22.49,14.81
39.65,2,1089.21,3,0.13,3,34.91,31.2,27.47
46.57,8,105.62,4,0.0,4,45.72,2.31,2.27
15.8,21,47.3,2,0.06,1,13.37,3.54,2.99
24.51,30,1343.67,0,0.06,3,23.66,56.8,54.83
14.6,19,668.42,4,0.25,3,10.37,64.48,45.8
31.17,14,288.69,1,0.15,4,26.13,11.05,9.26
11.42,28,1382.26,4,0.03,5,11.77,117.45,121.02
11.56,6,841.71,4,0.28,5,9.04,93.08,72.81
7.76,13,592.51,4,0.32,2,6.45,91.88,76.34
56.37,28,356.93,1,0.19,5,31.43,11.36,6.33
10.04,2,269.48,4,0.07,1,7.73,34.85,26.83
53.25,25,966.4,0,0.03,1,50.29,19.22,18.15
58.53,16,479.41,1,0.3,1,20.09,23.87,8.19
40.06,27,465.15,1,0.21,3,26.55,17.52,11.61
45.11,21,56.77,5,0.25,5,26.88,2.11,1.26
9.26,15,226.38,1,0.22,4,8.33,27.17,24.44
17.51,21,502.62,1,0.2,2,13.24,37.96,28.7
25.12,12,380.63,1,0.06,2,20.63,18.45,15.15
9.63,23,1121.34,2,0.0,2,8.55,131.23,116.42
41.85,7,898.31,3,0.17,4,26.44,33.97,21.47
59.56,5,1053.46,0,0.17,2,32.73,32.19,17.69
4.93,8,881.5,5,0.22,2,3.7,238.3,178.78
52.03,10,817.11,2,0.3,1,22.7,36.0,15.71
28.43,9,391.95,5,0.07,3,25.03,15.66,13.79
55.44,16,455.67,2,0.12,1,46.31,9.84,8.22
47.44,28,285.89,1,0.2,4,36.26,7.89,6.03
25.32,7,301.27,3,0.07,5,23.21,12.98,11.9
32.31,6,1049.14,5,0.17,2,20.82,50.38,32.47
12.9,7,1120.42,1,0.22,1,11.25,99.58,86.86
15.48,28,1114.74,0,0.17,5,15.71,70.95,72.03
54.13,20,674.82,0,0.13,2,36.12,18.68,12.47
35.35,18,110.43,0,0.04,4,34.08,3.24,3.12
43.04,11,17.15,0,0.0,2,42.08,0.41,0.4
8.17,9,988.34,4,0.27,5,6.88,143.6,120.97
28.52,12,1055.57,4,0.19,3,17.77,59.4,37.02
20.46,28,690.23,1,0.17,3,15.23,45.33,33.74
22.87,1,999.33,2,0.0,5,25.26,39.56,43.7
4.98,23,973.37,1,0.09,4,5.03,193.64,195.52
47.93,22,1175.77,5,0.15,1,34.99,33.61,24.53
40.75,19,383.3,2,0.31,2,19.85,19.31,9.41
24.76,19,493.09,4,0.31,4,16.48,29.93,19.91
6.56,18,1298.32,4,0.02,4,6.44,201.5,197.94
22.48,30,28.0,0,0.14,2,20.38,1.37,1.25
58.75,24,1238.56,1,0.07,2,41.21,30.06,21.08
36.23,16,886.16,5,0.25,2,18.41,48.15,24.46
58.02,3,619.92,3,0.24,1,27.22,22.78,10.69
13.42,6,18.17,1,0.06,4,13.59,1.34,1.35
35.17,2,1221.17,0,0.13,3,28.58,42.72,34.72
17.36,12,1106.54,1,0.01,1,16.65,66.47,63.76
39.33,18,998.23,2,0.16,5,35.02,28.5,25.38
16.45,14,779.75,2,0.23,2,12.66,61.6,47.39
35.93,16,1138.12,1,0.15,2,24.79,45.91,31.68
45.85,30,1050.48,3,0.16,5,44.52,23.6,22.91
15.79,15,1325.21,3,0.31,2,10.58,125.3,83.94
34.46,15,991.46,4,0.16,1,19.52,50.78,28.77
15.09,20,1392.31,1,0.29,2,10.09,138.01,92.24
55.05,19,1366.11,0,0.33,3,22.27,61.34,24.82
37.73,10,780.82,0,0.06,5,32.97,23.68,20.7
14.55,16,738.24,3,0.08,2,12.36,59.71,50.75
44.89,3,621.07,0,0.29,1,35.49,17.5,13.84
6.59,15,23.91,2,0.0,1,5.62,4.26,3.63
7.38,6,231.91,5,0.06,2,5.96,38.94,31.45
24.87,19,327.51,4,0.19,3,17.96,18.24,13.17
18.1,15,92.39,2,0.25,4,16.07,5.75,5.1
25.76,20,977.8,4,0.07,3,21.66,45.15,37.95
58.27,29,305.85,2,0.09,5,42.91,7.13,5.25
51.07,17,394.5,1,0.1,2,38.33,10.29,7.72
41.94,28,943.19,5,0.08,4,31.69,29.76,22.49
14.91,21,250.96,0,0.03,5,16.65,15.07,16.83
47.33,7,839.45,3,0.24,4,27.77,30.23,17.74
47.67,16,717.12,5,0.02,1,32.42,22.12,15.04
13.65,12,1204.25,2,0.29,5,12.49,96.44,88.24
55.09,22,539.87,1,0.29,1,22.6,23.89,9.8
47.29,16,733.78,1,0.1,4,38.68,18.97,15.52
35.12,23,146.32,4,0.1,2,25.69,5.7,4.17
35.59,28,711.37,3,0.29,3,17.49,40.67,19.99
14.54,3,1257.31,4,0.24,2,10.37,121.23,86.5
53.9,11,308.62,4,0.17,1,32.08,9.62,5.73
17.9,9,566.92,2,0.01,1,17.14,33.08,31.66
48.86,1,902.87,3,0.19,3,26.79,33.71,18.48
12.47,12,1228.81,2,0.17,1,9.25,132.9,98.54
27.54,16,379.52,3,0.21,3,23.34,16.26,13.78
56.1,18,248.31,1,0.0,4,61.12,4.06,4.43
48.52,20,446.43,4,0.02,4,44.18,10.11,9.2
20.24,15,571.44,5,0.1,3,16.38,34.88,28.23
37.92,3,162.82,4,0.26,5,23.86,6.82,4.29
49.98,18,1032.11,2,0.04,4,43.54,23.71,20.65
46.96,12,1076.15,1,0.09,1,37.53,28.67,22.91
51.75,25,234.43,4,0.04,5,39.75,5.9,4.53
24.54,15,429.9,4,0.27,3,15.53,27.68,17.52
18.6,24,1312.41,4,0.14,5,17.06,76.91,70.58
30.59,18,378.04,2,0.12,4,24.22,15.61,12.36
51.79,6,1339.13,2,0.12,2,42.71,31.36,25.86
24.56,4,838.71,4,0.32,3,14.68,57.12,34.16
58.18,19,696.89,4,0.33,1,35.81,19.46,11.98
17.56,4,478.94,4,0.24,5,13.96,34.31,27.27
15.06,29,32.43,0,0.15,3,14.57,2.23,2.15
45.79,18,192.54,3,0.29,4,22.83,8.44,4.2
42.64,23,448.79,1,0.01,2,37.72,11.9,10.52
44.09,6,599.47,4,0.01,2,38.36,15.63,13.6
9.51,1,494.27,2,0.04,1,8.29,59.59,51.98
55.27,28,722.99,3,0.27,2,21.92,32.98,13.08
34.27,14,717.29,0,0.27,1,17.18,41.75,20.93
47.68,4,461.55,3,0.29,2,29.83,15.47,9.68
17.54,8,654.97,1,0.24,2,14.71,44.53,37.34
30.6,3,499.11,0,0.02,1,28.39,17.58,16.31
38.98,15,280.1,3,0.09,2,29.71,9.43,7.18
29.81,5,31.11,2,0.06,1,25.25,1.23,1.04
45.87,18,1146.91,4,0.09,2,36.12,31.75,25.0
9.0,9,558.43,5,0.2,3,7.36,75.92,62.06
53.9,8,147.93,4,0.12,3,38.69,3.82,2.74
23.59,29,267.67,4,0.15,4,16.81,15.93,11.35
39.48,1,961.56,4,0.16,3,25.23,38.12,24.35
29.66,6,816.76,1,0.11,5,26.12,31.27,27.54
39.55,9,1390.18,2,0.04,5,44.51,31.23,35.15
34.39,7,1333.91,0,0.08,2,28.18,47.34,38.79
50.26,30,324.03,2,0.3,1,36.35,8.91,6.45
7.97,9,141.24,3,0.28,4,7.52,18.79,17.73
48.14,1,905.93,2,0.32,5,37.6,24.09,18.82
15.28,8,1036.8,0,0.21,2,12.31,84.2,67.84
39.69,20,1399.62,3,0.11,4,33.68,41.56,35.26
11.05,21,847.53,5,0.03,5,9.88,85.81,76.68
53.75,17,49.13,4,0.2,5,38.23,1.29,0.91
5.56,18,734.48,1,0.07,3,5.46,134.49,132.01
29.08,4,553.86,0,0.31,3,20.89,26.51,19.05
49.62,20,1176.06,1,0.1,4,43.79,26.86,23.7
20.04,1,1147.6,1,0.33,1,12.27,93.56,57.27
11.2,11,179.51,1,0.02,4,11.65,15.4,16.02
9.71,12,77.36,0,0.08,5,11.49,6.73,7.97
52.81,7,1328.51,3,0.02,3,48.49,27.4,25.16
32.07,1,947.72,1,0.17,1,23.34,40.6,29.55
32.53,28,131.61,3,0.09,5,25.69,5.12,4.05
14.8,2,1279.18,3,0.18,5,13.55,94.39,86.43
53.37,5,813.03,0,0.01,3,56.44,14.41,15.23
38.36,15,607.99,3,0.21,5,32.06,18.96,15.85
51.64,11,1158.32,0,0.09,3,42.87,27.02,22.43
48.91,2,244.58,0,0.22,3,26.84,9.11,5.0
46.17,28,1082.66,5,0.18,3,24.79,43.67,23.45
40.28,22,9.49,4,0.21,2,25.66,0.37,0.24
18.29,8,1237.82,2,0.3,5,17.08,72.46,67.67
53.97,9,54.94,0,0.16,3,51.39,1.07,1.02
42.5,11,1150.81,0,0.22,4,28.24,40.75,27.08
42.42,25,838.2,0,0.12,5,41.95,19.98,19.76
40.76,21,597.05,3,0.18,1,28.5,20.95,14.65
39.08,18,1136.7,0,0.03,3,35.64,31.89,29.09
13.31,11,494.17,3,0.15,2,10.46,47.23,37.12
58.54,24,1162.72,4,0.08,3,44.9,25.9,19.86
45.85,10,47.07,3,0.28,4,26.88,1.75,1.03
55.11,22,1334.1,5,0.07,1,33.27,40.1,24.21
36.19,15,1357.9,0,0.11,2,29.68,45.75,37.52
18.53,9,923.16,5,0.15,5,14.7,62.78,49.83
7.5,24,1206.63,4,0.06,3,6.69,180.45,160.92
55.92,3,230.54,1,0.11,5,43.21,5.33,4.12
28.84,20,919.74,1,0.27,2,20.27,45.38,31.89
28.29,16,945.18,0,0.03,3,29.12,32.46,33.41
22.01,15,91.23,1,0.31,4,18.35,4.97,4.14
50.14,29,584.52,2,0.06,4,41.09,14.23,11.66
52.62,10,301.33,2,0.1,4,43.71,6.89,5.73
40.29,30,881.47,5,0.31,1,17.67,49.89,21.88
38.7,19,1261.51,4,0.21,4,24.4,51.7,32.6
10.67,27,133.29,3,0.14,3,8.74,15.26,12.5
55.57,11,838.02,4,0.12,5,43.11,19.44,15.08
59.51,13,871.27,5,0.16,5,33.28,26.18,14.64
54.47,8,71.0,0,0.07,4,45.16,1.57,1.3
55.34,3,346.23,4,0.27,2,24.98,13.86,6.26
23.64,22,141.55,0,0.04,3,22.78,6.21,5.99
54.79,24,473.23,3,0.11,5,35.72,13.25,8.64
38.64,29,339.31,5,0.14,5,27.85,12.18,8.78
40.84,14,186.32,1,0.27,5,20.0,9.31,4.56
20.21,30,381.62,4,0.03,4,18.06,21.13,18.88
15.24,16,582.94,3,0.28,5,13.41,43.46,38.26
12.28,3,328.33,4,0.22,5,10.17,32.29,26.73
24.58,4,467.37,2,0.15,1,18.37,25.44,19.01
32.98,10,850.48,3,0.09,5,28.03,30.34,25.79
51.08,26,1198.47,0,0.11,1,37.32,32.11,23.46
29.48,13,747.14,3,0.01,2,26.89,27.78,25.34
28.34,19,949.5,5,0.32,4,17.01,55.83,33.51
29.75,15,394.57,4,0.11,1,21.59,18.28,13.26
7.78,8,976.06,0,0.17,3,7.9,123.53,125.4
21.3,10,842.32,2,0.14,1,14.88,56.6,39.55
55.5,4,820.78,0,0.15,3,37.68,21.79,14.79
42.25,22,21.7,2,0.09,3,35.33,0.61,0.51
22.83,28,697.67,5,0.12,2,16.57,42.11,30.56
17.7,15,257.91,2,0.19,1,11.93,21.62,14.57
10.57,2,1152.01,4,0.01,4,10.58,108.87,109.01
38.0,22,587.18,3,0.14,3,23.82,24.65,15.45
43.86,20,510.74,5,0.23,3,32.1,15.91,11.64
34.01,29,466.69,1,0.18,5,29.8,15.66,13.72
30.09,12,152.09,4,0.25,1,19.24,7.9,5.05
38.11,24,1042.95,4,0.31,1,16.27,64.08,27.36
12.08,23,264.7,5,0.14,4,10.82,24.47,21.92
52.28,14,1208.6,4,0.16,1,24.46,49.41,23.12
47.67,30,411.08,0,0.23,1,22.17,18.54,8.62
54.02,10,441.51,5,0.07,3,38.0,11.62,8.17
42.55,13,916.09,2,0.27,5,24.35,37.62,21.53
39.3,13,584.54,1,0.03,3,37.11,15.75,14.87
14.28,30,1185.36,3,0.32,2,10.79,109.84,83.04
28.55,17,301.88,0,0.27,4,20.09,15.03,10.57
9.39,20,234.48,0,0.19,4,9.02,26.0,24.96
56.32,23,428.15,2,0.17,2,28.1,15.24,7.6
12.09,4,1341.12,3,0.31,3,9.69,138.41,110.91
42.75,19,1066.06,1,0.05,3,35.38,30.13,24.94
48.46,29,552.24,0,0.17,5,34.02,16.23,11.4
5.13,2,80.73,1,0.32,4,4.66,17.32,15.74
26.34,5,830.22,2,0.31,1,15.03,55.23,31.52
46.86,20,772.92,0,0.24,3,25.64,30.15,16.5
41.48,27,467.31,1,0.33,2,24.93,18.75,11.27
9.32,9,1014.45,2,0.06,3,8.79,115.34,108.84
47.21,4,362.62,0,0.01,3,50.24,7.22,7.68
40.12,18,423.83,3,0.05,1,31.57,13.42,10.56
19.33,27,1280.47,3,0.27,2,14.44,88.66,66.24
47.95,22,558.18,2,0.02,3,45.62,12.24,11.64
6.82,30,778.83,5,0.29,5,5.64,137.99,114.12
27.29,21,362.83,4,0.29,2,16.73,21.68,13.3
59.86,24,941.11,0,0.19,1,30.86,30.49,15.72
40.4,7,731.76,1,0.14,2,36.49,20.05,18.11
38.85,12,1081.45,1,0.17,4,25.44,42.51,27.83
30.55,28,1157.69,4,0.19,5,23.06,50.2,37.9
50.87,1,1022.33,3,0.03,5,46.29,22.09,20.1
55.75,21,918.24,3,0.05,5,50.74,18.1,16.47
57.73,23,494.19,0,0.1,3,55.33,8.93,8.56
36.12,5,237.35,5,0.12,4,28.6,8.3,6.57
45.69,11,972.09,5,0.27,3,23.59,41.2,21.28
10.97,25,1089.48,1,0.22,5,9.32,116.89,99.29
14.83,2,283.35,2,0.28,3,13.18,21.51,19.1
45.43,26,26.0,3,0.12,5,43.32,0.6,0.57
31.38,10,1247.24,4,0.16,4,23.68,52.67,39.74
20.74,17,590.28,1,0.15,3,19.1,30.91,28.46
51.57,16,157.52,0,0.25,4,27.9,5.65,3.05
47.13,13,625.52,0,0.1,1,33.39,18.73,13.27
21.47,22,717.1,5,0.23,3,18.28,39.24,33.4
20.79,2,1169.77,3,0.3,2,14.47,80.83,56.26
5.81,18,747.57,1,0.31,5,5.95,125.55,128.64
53.2,16,697.71,4,0.32,4,40.16,17.37,13.11
32.86,10,512.51,3,0.15,1,23.7,21.62,15.59
10.45,3,271.35,3,0.29,3,8.75,31.02,25.97
37.44,11,818.52,0,0.02,2,35.16,23.28,21.86
36.04,26,229.25,0,0.03,3,33.72,6.8,6.36
50.76,30,1293.81,3,0.27,5,34.81,37.17,25.49
22.21,21,98.11,1,0.07,5,23.43,4.19,4.42
54.69,29,1094.44,0,0.17,5,51.9,21.09,20.01
56.2,10,1139.0,2,0.06,3,44.68,25.49,20.27
28.3,12,346.68,4,0.2,5,27.34,12.68,12.25
32.64,20,1227.29,3,0.27,4,27.43,44.75,37.6
10.48,2,396.64,4,0.03,2,9.04,43.88,37.83
45.34,30,82.77,4,0.29,5,35.11,2.36,1.83
9.28,6,582.31,4,0.15,4,8.79,66.28,62.74
16.66,21,105.78,5,0.23,2,11.49,9.2,6.35
44.85,19,953.85,1,0.15,4,45.69,20.88,21.27
49.02,11,151.98,1,0.07,5,44.39,3.42,3.1
45.57,12,690.01,1,0.26,3,36.6,18.85,15.14
10.27,19,286.64,5,0.23,4,8.22,34.87,27.92
6.16,17,1146.35,2,0.22,4,5.81,197.22,186.0
47.77,22,1186.07,5,0.25,5,37.04,32.02,24.83
43.11,29,814.48,0,0.3,1,23.97,33.98,18.89
17.33,22,234.69,1,0.25,4,13.24,17.73,13.55
20.56,12,173.34,2,0.12,4,20.34,8.52,8.43
16.7,19,447.74,2,0.17,1,13.74,32.58,26.81
26.46,8,652.6,2,0.3,5,22.92,28.47,24.66
15.02,7,517.12,3,0.17,1,10.88,47.51,34.42
20.07,13,132.22,0,0.21,5,17.31,7.64,6.59
39.72,6,1174.58,3,0.25,2,21.4,54.89,29.57
52.46,30,831.87,3,0.09,2,36.13,23.02,15.86
45.02,1,643.2,2,0.16,5,29.37,21.9,14.29
39.64,24,1126.59,1,0.29,5,30.33,37.15,28.42
54.64,10,254.42,5,0.04,3,44.18,5.76,4.66
59.18,6,1387.01,1,0.31,1,34.95,39.68,23.44
51.71,18,1268.19,1,0.33,1,24.56,51.64,24.53
6.42,19,86.75,5,0.15,4,5.82,14.91,13.5
25.99,19,472.6,1,0.12,1,19.36,24.41,18.18
6.56,10,81.89,2,0.0,1,5.4,15.15,12.48
46.64,9,863.13,0,0.05,5,48.45,17.81,18.51
36.88,18,226.42,2,0.31,4,21.93,10.33,6.14
35.83,13,686.96,0,0.1,1,33.33,20.61,19.17
10.15,3,943.46,5,0.12,1,7.37,128.08,92.96
38.82,20,534.07,3,0.04,4,33.92,15.75,13.76
30.55,4,398.46,4,0.15,2,21.8,18.27,13.04
30.81,26,27.53,3,0.11,2,21.7,1.27,0.89
19.78,21,1090.01,0,0.03,4,21.28,51.22,55.1
33.24,12,1220.69,3,0.17,1,20.08,60.8,36.72
11.24,11,1190.87,1,0.2,1,10.16,117.23,105.91
39.63,30,256.36,0,0.04,2,34.54,7.42,6.47
47.49,24,1371.81,1,0.01,1,38.3,35.81,28.89
20.17,11,1162.1,0,0.23,2,18.86,61.61,57.62
41.69,27,722.43,2,0.04,1,32.65,22.13,17.33
6.34,3,686.78,4,0.0,4,6.73,102.03,108.35
55.2,3,1160.72,3,0.23,4,28.22,41.14,21.03
4.87,18,1024.06,5,0.24,2,4.07,251.85,210.17
53.76,15,165.77,0,0.3,4,29.87,5.55,3.08
28.26,18,1164.06,2,0.33,5,21.02,55.38,41.2
9.43,10,904.94,0,0.32,5,8.13,111.29,95.94
41.21,16,462.0,5,0.28,5,23.15,19.95,11.21
34.93,7,914.37,2,0.27,5,30.76,29.72,26.18
55.98,2,1012.29,2,0.18,4,33.24,30.45,18.08
25.18,5,271.96,2,0.15,1,18.11,15.02,10.8
7.33,26,548.08,3,0.0,1,6.52,84.03,74.81
44.58,14,807.23,0,0.23,4,30.73,26.27,18.11
49.36,3,91.44,5,0.22,4,24.71,3.7,1.85
32.94,15,776.87,4,0.2,5,30.89,25.15,23.59
30.57,4,593.36,2,0.27,5,17.87,33.21,19.41
23.0,11,649.01,3,0.08,1,17.42,37.26,28.22
55.23,8,1268.27,0,0.07,3,53.67,23.63,22.96
21.65,20,463.15,0,0.13,1,15.26,30.34,21.39
57.86,26,666.53,2,0.2,2,25.8,25.84,11.52
33.73,1,1061.8,1,0.14,5,32.69,32.48,31.48
40.14,11,788.56,5,0.17,2,31.01,25.43,19.64
28.08,23,461.71,1,0.33,4,24.07,19.18,16.44
44.7,10,911.22,3,0.1,5,45.43,20.06,20.38
7.64,29,1350.42,4,0.18,4,7.23,186.91,176.71
55.02,28,457.85,4,0.19,3,31.78,14.4,8.32
41.91,30,310.64,3,0.21,4,37.97,8.18,7.41
24.29,3,525.37,2,0.02,4,24.07,21.82,21.63
38.05,28,790.69,4,0.06,5,35.33,22.38,20.78
14.21,16,83.7,0,0.24,2,13.36,6.27,5.89
8.47,27,217.87,0,0.27,4,7.56,28.83,25.73
23.15,12,1109.85,1,0.32,3,15.03,73.87,47.94
8.49,14,110.64,5,0.01,2,7.7,14.37,13.02
40.54,15,1066.75,3,0.01,2,37.55,28.41,26.31
51.78,13,236.73,2,0.33,5,39.51,5.99,4.57
42.21,19,506.84,0,0.04,1,32.04,15.82,12.01
11.94,12,1302.66,1,0.23,3,10.63,122.55,109.07
43.7,13,944.51,4,0.17,4,36.22,26.08,21.61
43.1,19,600.34,2,0.15,1,32.94,18.22,13.93
51.21,23,500.3,4,0.11,3,33.79,14.81,9.77
39.49,11,1331.37,2,0.32,5,19.91,66.86,33.72
20.3,26,1001.2,5,0.03,4,18.35,54.56,49.33
37.45,4,770.12,5,0.05,4,31.13,24.74,20.56
48.14,21,996.36,4,0.08,5,36.42,27.36,20.7
15.03,30,345.97,1,0.21,4,14.1,24.53,23.01
40.92,5,624.27,3,0.1,4,41.07,15.2,15.25
35.15,4,421.87,2,0.14,3,27.52,15.33,12.0
7.65,1,1172.81,0,0.02,3,8.13,144.24,153.36
56.36,29,247.17,3,0.23,3,25.41,9.73,4.39
5.25,10,755.64,2,0.13,5,5.59,135.16,144.0
11.17,29,1389.2,0,0.08,4,11.01,126.13,124.37
58.35,16,515.8,4,0.3,1,22.47,22.95,8.84
14.44,26,1266.89,4,0.06,3,13.12,96.56,87.76
28.83,12,345.31,3,0.2,4,24.21,14.26,11.98
4.85,25,624.26,4,0.32,4,4.46,139.94,128.69
35.01,6,1275.11,3,0.31,1,17.1,74.55,36.42
33.37,10,1215.14,0,0.09,4,36.69,33.12,36.41
29.94,30,1148.31,3,0.26,5,21.27,53.99,38.36
7.78,4,78.67,4,0.13,3,7.14,11.02,10.11
10.65,23,258.19,5,0.24,1,7.73,33.39,24.25
59.7,23,1149.92,0,0.11,4,58.41,19.69,19.26
23.57,22,730.51,3,0.11,4,22.71,32.17,31.0
57.25,28,335.22,5,0.18,3,27.7,12.1,5.86
7.01,9,26.04,0,0.08,3,7.37,3.53,3.72
38.23,12,773.83,5,0.1,3,29.65,26.1,20.24
35.36,4,64.14,4,0.03,5,36.04,1.78,1.81
34.36,13,533.35,5,0.29,5,28.3,18.84,15.52
33.32,26,1289.59,3,0.23,2,19.43,66.38,38.7
47.6,18,119.34,1,0.2,1,31.05,3.84,2.51
45.54,21,1157.2,2,0.24,5,28.52,40.58,25.41
25.04,20,417.76,5,0.32,5,20.15,20.73,16.68
41.75,14,1255.58,0,0.12,4,29.98,41.88,30.07
17.2,2,893.57,1,0.16,4,16.52,54.09,51.95
38.43,17,828.11,3,0.22,3,23.48,35.27,21.55
18.18,10,54.81,3,0.2,1,13.04,4.2,3.01
11.07,28,537.52,3,0.17,1,9.25,58.09,48.57
34.61,11,505.28,5,0.23,4,26.82,18.84,14.6
38.53,24,488.09,5,0.29,4,20.5,23.81,12.67
52.73,10,220.84,1,0.08,1,33.07,6.68,4.19
19.17,5,262.92,1,0.03,5,22.27,11.81,13.72
17.92,18,72.52,1,0.32,3,11.61,6.24,4.05
41.04,20,318.19,0,0.02,4,41.75,7.62,7.75
35.61,2,440.61,2,0.27,2,19.51,22.58,12.37
40.39,8,335.97,4,0.08,3,34.06,9.86,8.32
4.21,12,644.69,5,0.24,3,3.55,181.56,153.01
10.85,27,1050.53,2,0.31,1,7.85,133.9,96.81
15.36,1,753.25,0,0.16,4,16.89,44.6,49.03
34.96,20,886.91,5,0.17,5,22.42,39.57,25.37
55.63,30,1024.29,5,0.11,2,40.36,25.38,18.41
16.1,18,843.66,2,0.11,4,15.62,54.01,52.4
57.4,9,509.29,4,0.05,4,44.66,11.4,8.87
4.17,22,655.28,3,0.23,5,4.01,163.58,157.17
43.11,2,1066.18,4,0.17,3,34.28,31.1,24.73
30.1,12,971.66,3,0.19,4,20.59,47.18,32.28
10.94,11,740.91,1,0.28,5,11.06,66.96,67.73
32.74,19,603.86,3,0.23,4,28.14,21.46,18.44
39.21,14,666.05,3,0.19,3,26.8,24.85,16.99
5.31,1,1021.83,5,0.29,3,4.77,214.24,192.59
36.5,30,1213.92,1,0.26,5,19.4,62.59,33.25
8.77,2,77.15,1,0.3,3,7.92,9.74,8.8
12.99,28,1129.27,4,0.06,2,11.7,96.55,86.93
55.01,5,1266.17,2,0.08,1,37.16,34.07,23.02
16.74,13,975.21,2,0.24,5,15.82,61.66,58.26
28.61,1,285.45,2,0.13,4,24.56,11.62,9.98
59.36,27,145.14,0,0.3,5,23.63,6.14,2.45
45.78,4,371.44,2,0.04,5,45.44,8.18,8.11
29.61,17,1238.28,4,0.23,4,20.78,59.59,41.83
7.1,22,72.8,5,0.25,4,6.49,11.22,10.25
22.65,26,794.71,3,0.06,4,21.72,36.58,35.09
31.77,8,112.02,0,0.2,2,29.95,3.74,3.53
55.32,17,1236.29,4,0.29,1,19.68,62.81,22.35
54.22,23,314.89,4,0.14,2,29.51,10.67,5.81
40.84,24,599.55,5,0.08,2,27.87,21.51,14.68
45.3,24,180.8,5,0.17,4,31.01,5.83,3.99
36.2,4,1065.85,0,0.14,5,32.55,32.74,29.44
18.62,8,479.62,2,0.29,2,12.59,38.1,25.76
32.27,9,669.93,2,0.05,5,35.86,18.68,20.76
6.81,27,1024.83,5,0.24,2,5.16,198.66,150.4
14.0,7,651.21,0,0.01,4,15.87,41.03,46.53
12.72,15,641.12,1,0.17,1,9.68,66.23,50.41
18.7,27,593.39,3,0.11,1,14.57,40.73,31.73
55.69,12,549.55,0,0.24,5,43.73,12.57,9.87
38.99,2,1371.72,4,0.31,5,30.73,44.64,35.18
16.16,28,365.18,0,0.13,3,15.15,24.1,22.6
47.87,3,282.41,2,0.17,4,40.78,6.93,5.9
28.55,7,895.32,0,0.31,3,24.42,36.67,31.36
7.22,9,1309.73,3,0.07,5,7.46,175.58,181.32
28.2,26,688.93,1,0.01,5,31.36,21.97,24.43
14.04,18,416.75,2,0.0,2,13.22,31.53,29.68
52.01,19,607.3,2,0.13,3,33.33,18.22,11.68
46.6,29,844.93,5,0.21,5,24.8,34.06,18.13
7.55,16,159.63,1,0.09,5,8.6,18.56,21.13
5.0,16,304.52,2,0.08,1,4.37,69.63,60.87
25.01,25,578.65,0,0.18,4,19.03,30.41,23.14
52.78,15,786.02,5,0.12,4,35.73,22.0,14.89
5.02,1,393.21,0,0.14,5,5.31,74.07,78.34
25.43,9,217.31,1,0.29,3,16.1,13.5,8.55
53.86,9,49.27,2,0.14,2,29.21,1.69,0.91
38.82,9,1106.28,2,0.19,3,34.26,32.29,28.5
53.77,24,98.81,3,0.21,1,35.57,2.78,1.84
27.87,20,239.12,2,0.18,3,21.59,11.07,8.58
36.01,15,573.02,1,0.2,1,21.72,26.38,15.91
20.53,13,358.36,2,0.0,1,16.38,21.88,17.45
16.89,9,1345.24,2,0.22,2,12.64,106.42,79.63
27.86,21,347.0,5,0.18,3,20.71,16.75,12.45
8.45,7,1391.0,4,0.02,4,8.13,171.2,164.67
32.7,10,574.16,0,0.1,5,36.58,15.7,17.56
20.31,23,431.04,3,0.27,3,17.43,24.73,21.22
4.24,24,546.99,2,0.07,3,3.97,137.62,128.98
14.02,29,1362.89,2,0.04,2,12.21,111.64,97.19
13.76,14,601.82,2,0.29,3,9.91,60.75,43.73
38.68,11,1314.29,0,0.12,5,36.87,35.64,33.98
8.31,30,682.98,2,0.22,1,6.68,102.3,82.18
40.05,26,96.05,3,0.28,2,19.36,4.96,2.4
15.29,28,669.16,2,0.02,4,14.9,44.9,43.77
39.12,13,893.15,2,0.31,3,17.93,49.81,22.83
17.28,5,302.44,0,0.26,1,13.46,22.46,17.5
20.61,12,520.84,2,0.31,3,17.13,30.41,25.28
26.61,26,1230.87,2,0.15,4,21.51,57.23,46.25
55.86,19,417.71,3,0.2,5,51.04,8.18,7.48
40.12,21,1232.54,2,0.0,4,39.85,30.93,30.72
5.88,15,1392.24,5,0.06,3,4.9,284.37,236.91
53.84,6,763.63,2,0.07,5,52.18,14.63,14.18
33.21,26,1190.39,4,0.14,5,28.24,42.15,35.84
52.44,19,1228.26,4,0.19,5,47.74,25.73,23.42
24.29,7,1366.18,2,0.16,2,20.06,68.1,56.25
19.81,11,644.64,3,0.31,5,15.24,42.31,32.54
55.68,3,1206.17,1,0.26,4,32.79,36.79,21.66
47.81,27,466.13,0,0.22,2,27.38,17.02,9.75
21.83,29,789.03,0,0.21,4,17.2,45.87,36.15
53.37,10,70.84,2,0.08,3,40.98,1.73,1.33
36.59,28,907.35,4,0.03,1,27.7,32.76,24.8
35.46,13,630.18,4,0.1,2,29.02,21.71,17.77
41.92,3,144.02,1,0.1,2,30.49,4.72,3.44
36.41,12,189.41,0,0.06,5,38.01,4.98,5.2
8.63,9,246.19,1,0.24,2,7.41,33.23,28.52
54.77,6,539.09,4,0.19,1,30.96,17.41,9.84
32.89,28,1353.31,0,0.28,4,17.98,75.28,41.15
15.69,11,696.92,3,0.27,3,11.91,58.5,44.4
13.22,12,1251.94,3,0.15,2,11.59,108.04,94.67
27.8,7,1253.76,5,0.03,3,22.76,55.08,45.1
55.54,3,1048.66,0,0.17,3,49.03,21.39,18.88
55.99,7,347.33,1,0.26,1,22.76,15.26,6.2
40.34,8,172.66,4,0.14,2,33.33,5.18,4.28
55.91,7,685.8,3,0.13,1,29.85,22.98,12.27
55.11,30,783.0,1,0.33,2,29.3,26.72,14.21
15.32,19,1265.95,1,0.31,5,11.81,107.2,82.62
13.49,24,1379.08,0,0.23,4,12.29,112.21,102.22
41.62,15,1178.91,3,0.09,1,28.64,41.17,28.32
34.76,20,345.69,5,0.33,1,24.26,14.25,9.95
18.2,4,145.83,3,0.11,5,19.36,7.53,8.01
12.1,27,368.66,1,0.27,2,10.72,34.4,30.47
9.69,19,122.68,4,0.2,4,8.02,15.29,12.65
57.44,2,1294.56,5,0.24,1,30.01,43.13,22.54
12.72,3,671.89,1,0.16,1,11.35,59.19,52.83
40.84,17,564.17,1,0.23,1,27.79,20.3,13.81
35.95,20,605.19,4,0.14,5,30.22,20.02,16.84
7.91,22,1136.78,2,0.24,2,6.18,183.93,143.77
40.14,23,785.69,4,0.14,2,29.88,26.29,19.58
21.96,4,178.76,0,0.31,1,16.04,11.14,8.14
28.08,21,137.47,1,0.1,4,25.36,5.42,4.9
59.58,1,498.36,4,0.11,4,51.1,9.75,8.36
41.9,26,177.76,3,0.0,5,44.9,3.96,4.24
47.38,24,823.68,3,0.19,5,38.58,21.35,17.38
58.94,18,382.24,3,0.04,2,48.1,7.95,6.48
17.58,20,773.5,1,0.08,4,17.44,44.36,44.01
14.92,12,1085.54,0,0.23,5,15.93,68.13,72.74
46.95,7,1136.75,1,0.02,3,47.07,24.15,24.21
54.75,30,937.43,5,0.09,1,34.45,27.21,17.12
25.49,3,469.41,5,0.01,4,22.05,21.29,18.42
56.36,27,353.39,2,0.3,5,22.08,16.0,6.27
55.86,6,1396.01,5,0.07,5,40.05,34.85,24.99
31.34,15,1397.56,3,0.25,5,31.12,44.91,44.6
45.72,28,841.88,4,0.08,5,34.31,24.54,18.41
39.36,25,1109.63,1,0.06,4,34.8,31.89,28.19
9.58,6,1355.29,3,0.21,1,7.22,187.66,141.47
51.72,5,413.01,5,0.02,2,37.12,11.13,7.98
49.88,29,725.5,5,0.05,2,33.87,21.42,14.55
30.81,26,807.96,2,0.11,2,23.22,34.8,26.22
37.78,9,105.15,2,0.12,3,26.24,4.01,2.78
52.21,8,1165.94,1,0.02,3,48.94,23.82,22.33
7.48,8,869.85,0,0.03,4,8.37,103.99,116.24
7.45,29,947.91,2,0.0,1,6.4,148.11,127.29
10.13,23,251.77,2,0.13,4,10.13,24.86,24.86
23.27,27,920.18,2,0.17,5,21.77,42.26,39.54
12.36,30,92.69,0,0.3,1,9.04,10.25,7.5
31.07,7,173.07,2,0.19,2,26.31,6.58,5.57
32.56,24,55.53,4,0.2,4,23.28,2.39,1.71
59.75,3,711.72,3,0.07,4,52.26,13.62,11.91
47.16,8,265.39,3,0.08,1,32.74,8.11,5.63
57.99,8,876.83,1,0.14,4,36.28,24.17,15.12
50.25,18,33.23,5,0.3,1,20.84,1.59,0.66
24.68,22,433.29,5,0.3,5,16.88,25.66,17.56
18.4,29,38.86,3,0.28,3,11.36,3.42,2.11
35.49,23,45.95,0,0.26,5,32.36,1.42,1.29
17.25,18,129.08,4,0.33,1,12.43,10.38,7.48
12.93,19,342.7,3,0.3,2,8.5,40.31,26.5
42.96,28,932.55,3,0.02,2,35.59,26.2,21.71
52.41,8,1061.6,0,0.01,4,56.49,18.79,20.26
6.63,27,994.08,4,0.21,5,6.4,155.27,149.94
50.47,11,1190.9,3,0.31,1,18.74,63.56,23.6
42.18,30,619.52,5,0.31,5,40.24,15.4,14.69
55.76,25,1234.4,3,0.27,5,35.88,34.41,22.14
12.27,10,1158.45,4,0.06,5,12.14,95.4,94.4
14.68,3,1151.1,5,0.01,4,13.51,85.19,78.39
23.98,27,667.7,0,0.13,4,19.66,33.97,27.84
7.3,3,1214.2,5,0.12,5,7.08,171.47,166.43
45.0,3,1183.59,2,0.19,1,29.36,40.31,26.3
24.17,27,576.3,3,0.3,4,20.93,27.54,23.84
31.82,8,1328.52,3,0.1,3,26.22,50.66,41.76
40.78,2,1158.53,4,0.28,4,33.81,34.27,28.41
35.67,21,1138.08,3,0.08,2,28.64,39.74,31.9
36.63,20,1377.53,1,0.12,1,29.71,46.36,37.61
9.44,5,812.97,0,0.08,2,9.14,88.91,86.1
42.83,14,1049.29,5,0.02,2,35.35,29.68,24.5
32.19,25,885.41,3,0.05,1,23.11,38.32,27.51
57.54,13,781.74,3,0.03,1,43.62,17.92,13.59
22.95,19,435.28,3,0.15,4,19.61,22.19,18.97
54.11,24,182.35,1,0.32,4,23.62,7.72,3.37
57.4,14,737.37,5,0.09,4,52.15,14.14,12.85
32.32,27,362.82,2,0.28,2,24.95,14.54,11.22
27.19,3,1048.78,5,0.31,2,13.79,76.07,38.57
48.06,26,827.23,3,0.26,4,36.19,22.86,17.21
25.74,29,440.56,2,0.13,5,24.22,18.19,17.12
33.45,18,386.14,4,0.33,5,18.19,21.23,11.55
59.28,25,402.92,5,0.19,1,27.79,14.5,6.8
21.1,5,1291.38,5,0.11,1,17.55,73.56,61.21
8.37,19,184.21,2,0.23,1,6.43,28.65,22.02
26.43,7,825.39,2,0.15,1,16.42,50.28,31.23
7.77,1,1360.71,2,0.08,3,7.38,184.43,175.03
46.59,6,55.98,2,0.14,5,31.81,1.76,1.2
57.28,17,88.24,0,0.05,4,51.04,1.73,1.54
14.3,1,314.5,0,0.25,5,12.1,25.99,21.99
41.57,8,1291.49,4,0.15,2,33.96,38.03,31.07
9.64,23,450.02,1,0.04,2,8.91,50.53,46.69
49.43,12,425.99,0,0.33,4,30.09,14.16,8.62
56.41,15,67.06,3,0.33,2,21.02,3.19,1.19
58.0,18,503.42,0,0.06,1,41.01,12.28,8.68
46.92,3,916.24,5,0.31,4,27.23,33.64,19.53
45.24,14,1366.27,2,0.07,2,38.86,35.16,30.2
19.0,12,123.66,0,0.26,1,12.42,9.95,6.51
35.82,28,246.49,1,0.06,3,33.57,7.34,6.88
21.53,7,1058.41,5,0.05,2,18.56,57.04,49.15
19.08,19,442.19,0,0.26,4,16.82,26.29,23.18
54.86,8,1338.03,5,0.25,4,23.79,56.23,24.39
22.73,20,1387.58,4,0.12,1,16.71,83.01,61.06
16.61,27,1283.67,2,0.32,1,12.35,103.92,77.28
42.04,6,149.33,1,0.29,3,28.56,5.23,3.55
9.56,28,1049.1,3,0.12,1,7.61,137.93,109.75
26.15,10,990.35,0,0.25,4,24.06,41.16,37.87
19.82,21,138.84,2,0.22,2,13.58,10.22,7.0
42.82,10,625.82,0,0.23,5,24.52,25.52,14.62
24.71,17,1304.46,0,0.08,3,24.22,53.85,52.79
16.91,1,277.63,3,0.18,5,13.62,20.38,16.42
40.56,21,338.03,4,0.26,3,25.94,13.03,8.33
34.75,15,529.71,5,0.3,5,22.42,23.62,15.24
51.51,5,1305.23,1,0.07,1,41.77,31.24,25.34
43.63,16,337.27,1,0.13,3,33.26,10.14,7.73
47.58,25,1138.74,4,0.05,2,34.17,33.32,23.93
53.02,12,650.5,0,0.13,4,48.94,13.29,12.27
56.71,14,1344.69,2,0.28,4,25.13,53.52,23.71
48.12,15,86.18,4,0.17,3,28.49,3.02,1.79
32.8,2,623.1,3,0.29,1,15.47,40.28,19.0
25.11,17,1269.61,1,0.08,1,18.11,70.11,50.57
40.3,8,736.14,4,0.28,4,19.66,37.45,18.27
18.29,17,1156.11,1,0.05,2,16.84,68.67,63.2
52.06,7,520.44,5,0.12,4,32.37,16.08,10.0
46.88,27,115.36,1,0.03,1,35.38,3.26,2.46
19.21,16,662.96,1,0.33,5,16.24,40.81,34.52
30.87,26,699.8,0,0.04,1,24.98,28.01,22.67
40.66,16,765.93,3,0.11,2,35.16,21.78,18.84
28.38,22,1113.82,2,0.14,5,23.13,48.16,39.25
32.07,13,567.22,1,0.21,4,27.49,20.64,17.69
47.64,5,1187.71,0,0.33,4,20.65,57.51,24.93
9.26,11,221.06,4,0.12,1,7.27,30.39,23.86
45.63,28,55.86,0,0.2,2,38.52,1.45,1.22
27.06,28,507.45,3,0.33,5,14.88,34.1,18.76
14.12,20,9.83,0,0.2,2,12.67,0.78,0.7
26.51,10,737.03,0,0.18,2,18.21,40.47,27.8
47.47,2,588.07,5,0.07,3,43.57,13.5,12.39
18.46,5,560.36,4,0.07,4,16.59,33.79,30.36
6.34,15,1043.0,1,0.04,2,5.99,174.16,164.63
52.81,12,1266.85,0,0.07,1,43.46,29.15,23.99
46.46,3,1117.47,5,0.2,2,24.33,45.92,24.05
54.71,13,948.8,1,0.2,5,28.29,33.54,17.34
12.34,30,686.93,2,0.03,3,11.4,60.25,55.68
39.01,30,237.78,5,0.04,4,30.09,7.9,6.09
59.57,7,630.84,1,0.29,1,25.31,24.92,10.59
40.8,26,29.43,4,0.14,2,33.46,0.88,0.72
22.75,11,730.85,4,0.23,5,21.2,34.48,32.12
32.67,1,1342.66,3,0.18,3,28.18,47.64,41.1
49.72,24,991.95,5,0.17,2,27.76,35.73,19.95
4.13,12,924.47,3,0.22,5,3.92,235.82,223.66
49.04,15,98.45,5,0.04,4,39.24,2.51,2.01
44.42,16,1128.21,1,0.03,4,41.29,27.32,25.4
31.21,11,629.79,2,0.02,3,28.86,21.82,20.18
54.55,12,1213.48,2,0.11,3,47.06,25.78,22.25
10.8,29,89.37,2,0.29,4,8.74,10.22,8.28
24.93,1,869.22,3,0.22,1,19.85,43.79,34.87
14.31,11,337.78,5,0.25,4,10.42,32.41,23.6
25.44,28,1045.42,2,0.31,4,16.23,64.43,41.09
21.67,13,1166.27,0,0.12,5,21.16,55.11,53.82
50.9,1,1039.55,3,0.02,4,50.54,20.57,20.42
10.07,2,503.83,2,0.21,5,11.01,45.78,50.02
9.51,15,1264.07,5,0.05,3,8.47,149.22,132.91
56.01,24,226.37,4,0.0,1,50.01,4.53,4.04
49.65,22,1029.51,5,0.21,3,32.93,31.27,20.73
58.64,22,444.85,2,0.23,5,44.45,10.01,7.59
36.9,20,785.58,3,0.07,2,30.73,25.56,21.29
18.6,25,856.77,0,0.26,4,17.54,48.85,46.05
14.85,12,474.38,4,0.21,2,12.25,38.74,31.94
42.86,1,133.69,5,0.21,4,33.67,3.97,3.12
26.31,17,111.47,5,0.26,5,18.39,6.06,4.24
58.41,9,676.75,1,0.29,3,32.1,21.08,11.59
22.78,10,975.83,3,0.25,3,18.88,51.67,42.85
14.63,9,577.41,1,0.2,2,12.34,46.81,39.47
6.78,10,246.33,4,0.22,4,6.31,39.07,36.34
57.95,6,164.56,5,0.05,5,50.88,3.23,2.84
12.3,9,105.73,0,0.08,4,12.73,8.3,8.59
34.69,1,1280.91,5,0.02,3,31.83,40.24,36.92
23.51,9,1073.77,4,0.25,5,19.63,54.7,45.67
36.76,24,72.89,1,0.15,5,35.96,2.03,1.98
52.06,27,694.37,2,0.32,4,19.54,35.53,13.34
41.52,9,406.09,3,0.04,5,41.0,9.91,9.78
11.74,1,962.92,1,0.02,3,11.8,81.57,82.03
4.89,3,14.9,3,0.27,3,4.38,3.4,3.05
46.9,23,338.55,5,0.16,4,27.85,12.15,7.22
57.42,24,249.66,1,0.0,2,55.14,4.53,4.35
6.6,14,956.04,4,0.33,4,5.93,161.18,144.77
42.2,3,750.32,0,0.28,2,29.25,25.66,17.78
43.3,21,832.05,1,0.16,1,30.24,27.51,19.21
24.18,22,632.77,0,0.01,3,24.0,26.37,26.17
57.99,7,546.18,4,0.23,3,30.98,17.63,9.42
4.22,28,1110.24,2,0.25,1,3.18,348.62,262.82
34.92,10,401.38,2,0.1,2,29.78,13.48,11.49
34.83,24,22.31,5,0.09,2,28.11,0.79,0.64
20.91,29,778.84,2,0.02,3,19.49,39.96,37.25
16.82,6,1014.12,4,0.29,3,11.6,87.39,60.28
5.64,28,739.99,3,0.32,4,4.72,156.7,131.24
58.92,4,404.11,0,0.07,3,55.12,7.33,6.86
8.14,1,367.1,3,0.26,5,7.2,51.02,45.12
55.3,21,256.48,4,0.07,2,38.39,6.68,4.64
29.71,28,1182.45,4,0.25,2,20.09,58.87,39.81
17.27,21,673.87,5,0.07,3,14.28,47.2,39.02
59.33,12,334.64,0,0.3,4,35.24,9.5,5.64
58.67,12,891.74,2,0.32,4,29.74,29.98,15.2
51.04,17,968.74,3,0.09,2,37.35,25.94,18.98
28.5,24,482.49,1,0.1,2,23.4,20.62,16.93
28.72,2,622.07,0,0.33,1,16.01,38.84,21.66
45.64,14,1052.51,3,0.04,4,39.2,26.85,23.06
30.36,24,919.39,2,0.32,2,19.63,46.84,30.28
17.84,25,138.19,5,0.28,3,13.32,10.37,7.74
27.03,10,953.49,3,0.07,1,20.02,47.62,35.28
13.19,6,19.49,3,0.1,5,13.64,1.43,1.48
7.4,25,1064.89,3,0.1,4,6.64,160.47,143.99
8.91,27,1345.79,3,0.14,1,6.45,208.56,151.01
5.33,21,829.54,1,0.28,2,4.62,179.49,155.68
31.38,21,1368.3,3,0.27,2,20.44,66.96,43.6
46.49,10,855.19,3,0.0,1,35.2,24.29,18.4
51.77,14,62.56,0,0.08,2,38.43,1.63,1.21
18.58,22,1354.94,0,0.1,2,16.35,82.88,72.92
51.02,29,384.52,2,0.31,5,24.38,15.77,7.54
21.86,10,563.63,2,0.27,3,14.48,38.91,25.78
12.37,26,1311.45,0,0.27,3,10.09,129.94,106.0
27.11,19,1374.87,3,0.14,3,22.07,62.29,50.72
41.34,2,432.52,2,0.22,5,26.83,16.12,10.46
25.73,22,555.76,0,0.22,1,21.09,26.35,21.6
22.23,20,285.92,0,0.3,5,17.68,16.17,12.86
56.46,3,250.68,3,0.11,5,53.11,4.72,4.44
42.56,10,897.07,0,0.05,3,36.91,24.31,21.08
15.04,16,408.84,0,0.01,5,17.42,23.47,27.18
39.37,26,791.31,5,0.05,3,32.52,24.34,20.1
9.22,1,603.39,2,0.25,1,7.26,83.06,65.42
53.51,29,754.97,4,0.18,4,45.09,16.74,14.11
21.89,11,1076.84,1,0.01,2,20.59,52.31,49.2
34.77,16,195.7,3,0.33,3,17.05,11.48,5.63
31.61,27,619.8,3,0.16,1,20.33,30.48,19.61
20.07,19,395.15,4,0.18,1,13.57,29.12,19.69
20.23,3,593.3,2,0.26,2,18.64,31.82,29.34
48.9,19,195.07,0,0.08,4,42.53,4.59,3.99
21.43,3,378.5,3,0.11,2,17.19,22.02,17.66
55.16,9,1061.72,1,0.08,4,42.72,24.86,19.25
32.42,23,1227.58,4,0.31,4,26.29,46.7,37.86
55.21,3,661.28,0,0.24,4,39.13,16.9,11.98
29.96,18,1047.3,1,0.3,3,18.34,57.11,34.96
25.68,30,212.88,2,0.0,1,22.07,9.65,8.29
45.2,9,288.85,0,0.1,1,31.55,9.16,6.39
21.24,26,298.77,0,0.29,1,13.88,21.52,14.06
31.08,9,1319.54,3,0.05,2,26.13,50.5,42.46
42.58,18,189.82,3,0.33,4,23.87,7.95,4.46
10.93,14,724.06,4,0.1,2,9.56,75.74,66.23
4.69,7,147.62,2,0.03,4,4.84,30.49,31.47
29.66,19,1211.47,0,0.24,2,18.61,65.1,40.84
30.01,25,835.69,0,0.29,3,26.83,31.14,27.84
32.26,22,1318.2,0,0.08,1,26.59,49.57,40.86
34.31,3,592.14,2,0.17,5,23.73,24.96,17.26
56.21,6,6.18,0,0.32,5,25.4,0.24,0.11
50.42,17,250.67,3,0.15,2,28.62,8.76,4.97
16.83,11,445.81,3,0.09,3,14.79,30.14,26.5
21.41,30,1329.5,2,0.11,1,18.44,72.12,62.09
5.75,7,539.61,5,0.0,1,4.78,112.8,93.87
5.51,5,1393.26,3,0.07,4,5.54,251.42,252.73
47.88,25,1175.17,0,0.18,4,30.97,37.94,24.54
37.23,18,679.35,1,0.15,4,34.49,19.7,18.25
17.03,20,201.61,1,0.02,4,17.39,11.59,11.84
32.15,2,953.87,2,0.21,2,24.84,38.4,29.67
58.89,14,895.26,5,0.32,4,38.86,23.04,15.2
41.19,3,214.83,2,0.16,5,30.68,7.0,5.22
5.42,9,1108.14,1,0.23,4,5.38,206.12,204.55
30.03,2,622.17,1,0.05,2,27.59,22.55,20.72
35.55,22,988.33,3,0.06,1,25.99,38.02,27.8
23.16,15,624.64,1,0.18,2,17.38,35.93,26.97
58.97,22,780.34,5,0.22,1,37.67,20.71,13.23
13.38,11,569.82,4,0.25,4,12.65,45.06,42.6
8.92,15,143.23,3,0.17,4,8.6,16.66,16.05
5.51,3,59.52,1,0.05,4,5.65,10.54,10.8
11.32,26,1290.73,5,0.1,4,9.17,140.73,114.04
7.45,6,674.6,5,0.1,5,7.14,94.49,90.55
42.26,27,1224.37,1,0.22,1,29.53,41.46,28.97
38.01,30,532.58,1,0.05,2,33.0,16.14,14.01
25.72,4,1397.39,4,0.05,5,26.36,53.02,54.32
35.63,6,1180.75,1,0.01,3,36.68,32.19,33.14
39.09,30,690.33,1,0.21,1,23.93,28.84,17.66
57.52,1,519.2,5,0.26,5,25.93,20.02,9.03
28.83,1,1241.87,1,0.12,5,27.99,44.37,43.08
56.62,19,28.08,0,0.0,4,57.34,0.49,0.5
42.25,22,705.27,1,0.17,2,28.94,24.37,16.69
49.55,14,1156.87,4,0.3,5,20.83,55.53,23.35
31.24,19,177.67,1,0.28,5,26.26,6.76,5.69
16.05,9,46.78,0,0.13,4,14.48,3.23,2.91
43.79,22,1237.24,4,0.09,3,35.25,35.1,28.26
58.2,12,965.9,0,0.05,5,50.07,19.29,16.6
5.21,25,552.27,4,0.05,1,3.88,142.18,106.04
19.42,11,177.12,5,0.21,5,16.42,10.78,9.12
38.42,7,794.35,4,0.26,1,18.87,42.1,20.68
35.19,26,948.47,1,0.29,3,26.81,35.38,26.95
35.41,25,475.04,2,0.17,1,28.66,16.58,13.41
18.25,2,1025.98,0,0.0,5,20.1,51.05,56.23
39.06,25,28.65,3,0.0,3,36.49,0.79,0.73
39.44,15,214.06,3,0.19,3,26.26,8.15,5.43
23.69,25,1330.27,5,0.25,5,20.34,65.41,56.15
22.35,27,761.06,3,0.28,2,13.46,56.54,34.06
49.46,23,1098.76,4,0.03,5,45.17,24.33,22.21
55.31,1,71.51,3,0.0,4,55.32,1.29,1.29
58.69,23,78.41,5,0.2,3,38.34,2.05,1.34
50.92,6,1209.67,1,0.3,1,28.08,43.09,23.75
16.37,19,199.78,5,0.28,5,15.27,13.08,12.2
34.57,1,500.63,3,0.09,5,34.28,14.61,14.48
54.8,7,352.35,0,0.28,3,25.21,13.97,6.43
16.86,4,1214.71,0,0.19,1,12.05,100.79,72.03
55.15,29,1012.5,1,0.15,1,32.31,31.34,18.36
29.96,9,1077.63,3,0.03,4,29.8,36.17,35.97
22.1,6,934.71,1,0.04,2,19.71,47.41,42.29
29.59,5,327.28,5,0.16,4,20.08,16.3,11.06
52.77,30,112.66,3,0.32,5,41.28,2.73,2.13
13.2,2,1304.85,1,0.17,5,12.35,105.67,98.86
27.25,11,26.78,4,0.22,5,23.13,1.16,0.98
52.33,29,1240.23,3,0.2,1,24.82,49.97,23.7
49.56,28,212.42,4,0.2,4,29.1,7.3,4.29
6.44,23,240.07,2,0.16,5,6.7,35.83,37.29
43.13,4,836.68,5,0.04,4,39.52,21.17,19.4
19.94,25,1098.39,4,0.28,5,16.64,66.0,55.08
55.92,3,1273.96,5,0.18,1,39.7,32.09,22.78
51.34,5,573.95,0,0.31,5,20.91,27.45,11.18
37.87,8,962.87,3,0.09,2,32.67,29.47,25.43
23.87,27,642.73,3,0.3,2,13.18,48.77,26.93
17.16,7,779.75,0,0.12,4,17.37,44.88,45.43
8.58,17,1115.1,4,0.3,2,6.57,169.6,129.95
4.96,22,820.31,3,0.3,1,3.83,214.41,165.29
19.68,6,565.1,1,0.05,3,19.23,29.38,28.72
30.99,21,5.45,1,0.0,1,24.82,0.22,0.18
11.25,15,987.22,3,0.04,5,12.04,82.02,87.78
24.02,23,450.72,4,0.14,1,15.73,28.66,18.76
51.6,4,448.27,4,0.04,3,41.18,10.89,8.69
34.0,17,1063.03,3,0.05,3,31.35,33.91,31.27
54.76,29,1228.8,0,0.2,1,31.11,39.5,22.44
40.95,24,399.45,1,0.02,3,39.95,10.0,9.75
51.66,18,842.42,0,0.0,4,56.14,15.01,16.31
8.97,28,399.91,2,0.07,4,8.72,45.84,44.6
35.36,25,1307.61,4,0.3,3,19.47,67.16,36.98
52.43,22,739.8,5,0.13,3,40.01,18.49,14.11
47.28,30,1260.23,5,0.33,4,37.57,33.55,26.66
6.01,29,1092.77,4,0.14,4,5.44,200.9,181.84
31.04,17,1252.81,2,0.11,3,23.25,53.87,40.36
11.83,30,213.18,4,0.08,5,11.08,19.24,18.02
28.47,17,400.92,1,0.24,3,21.02,19.07,14.08
27.24,29,591.37,3,0.11,2,21.39,27.64,21.71
40.86,23,966.66,5,0.22,4,24.84,38.92,23.66
51.26,29,1297.04,5,0.27,3,21.68,59.83,25.3
47.63,14,305.43,0,0.17,2,41.4,7.38,6.41
30.27,1,451.61,0,0.15,1,22.27,20.28,14.92
5.2,9,1056.84,2,0.02,2,4.95,213.48,203.13
11.69,15,895.58,4,0.05,2,10.29,87.04,76.59
33.66,13,1246.05,5,0.21,2,22.95,54.29,37.02
40.2,7,653.38,2,0.21,3,24.95,26.19,16.25
14.24,8,1029.15,4,0.33,5,10.11,101.82,72.26
54.53,24,448.97,1,0.14,5,40.5,11.09,8.23
6.02,14,91.58,3,0.1,5,6.19,14.79,15.2
46.4,10,1119.4,1,0.28,1,31.07,36.03,24.13
39.32,18,508.19,0,0.19,2,27.61,18.4,12.92
12.47,22,667.42,2,0.1,3,11.65,57.28,53.54
37.3,22,406.57,2,0.23,5,33.45,12.15,10.9
35.33,29,946.15,1,0.15,4,34.44,27.47,26.78
28.82,4,1217.55,1,0.04,2,26.92,45.24,42.24
10.86,16,829.91,3,0.3,1,7.66,108.34,76.43
25.4,7,1297.68,3,0.17,4,19.67,65.96,51.08
30.71,28,1304.25,2,0.26,1,17.37,75.1,42.46
39.41,26,785.08,2,0.29,2,18.09,43.4,19.92
7.49,21,45.28,1,0.22,2,6.55,6.91,6.05
25.83,8,1368.32,5,0.17,3,17.48,78.27,52.98
29.96,4,625.93,4,0.3,2,19.44,32.2,20.89
6.92,19,775.84,0,0.13,1,6.91,112.21,112.19
23.59,21,269.79,3,0.0,2,22.24,12.13,11.44
53.89,22,1091.63,5,0.08,2,34.55,31.6,20.26
45.43,14,166.15,4,0.13,1,35.36,4.7,3.66
38.37,8,686.7,0,0.07,2,31.92,21.51,17.9
9.41,22,26.84,2,0.0,5,10.05,2.67,2.85
55.96,2,276.77,5,0.12,1,39.15,7.07,4.95
38.04,30,1271.29,3,0.14,4,36.36,34.97,33.42
35.88,30,246.37,2,0.01,2,30.28,8.14,6.87
39.38,28,802.87,3,0.28,4,26.72,30.05,20.39
33.32,27,1333.24,2,0.13,2,23.71,56.22,40.01
42.56,11,812.48,0,0.06,3,36.34,22.36,19.09
59.4,22,536.49,2,0.1,2,42.25,12.7,9.03
30.8,29,850.91,2,0.31,1,25.28,33.65,27.63
58.29,20,610.9,0,0.1,1,43.94,13.9,10.48
55.57,12,814.11,3,0.28,3,45.6,17.85,14.65
4.28,26,673.16,2,0.17,3,3.96,169.9,157.21
32.42,16,1357.22,5,0.29,4,17.73,76.53,41.87
26.14,11,390.06,4,0.24,4,23.96,16.28,14.92
32.27,27,1101.0,0,0.08,2,28.23,39.0,34.12
14.81,18,546.79,2,0.18,4,12.63,43.29,36.92
12.69,3,1389.32,2,0.02,5,13.78,100.86,109.46
51.97,6,1375.44,0,0.05,4,53.11,25.9,26.47
52.41,20,1308.76,1,0.04,5,53.14,24.63,24.97
11.14,23,15.88,4,0.0,4,11.17,1.42,1.42
22.86,1,1139.97,1,0.31,1,13.57,84.02,49.86
13.86,23,880.74,1,0.3,4,14.0,62.91,63.53
36.32,23,1065.48,0,0.14,1,23.96,44.46,29.34
19.53,24,276.34,3,0.16,5,16.11,17.16,14.15
18.46,24,594.52,3,0.15,3,13.58,43.77,32.21
21.94,7,723.42,3,0.33,5,15.35,47.13,32.97
46.13,3,297.17,2,0.11,4,33.18,8.96,6.44
24.47,6,586.52,2,0.23,5,26.98,21.74,23.97
27.05,7,562.71,3,0.2,3,19.83,28.37,20.8
17.03,20,849.91,2,0.21,5,15.18,55.98,49.91
50.47,1,452.68,2,0.09,3,42.44,10.67,8.97
7.85,9,1174.25,2,0.07,5,7.87,149.28,149.59
11.26,19,641.48,0,0.06,2,10.19,62.97,56.98
37.47,9,1020.45,0,0.05,4,38.13,26.76,27.24
24.0,12,848.01,1,0.25,3,19.54,43.39,35.33
28.37,26,1039.34,2,0.1,1,18.74,55.46,36.63
16.88,9,340.09,2,0.29,2,11.6,29.31,20.15
12.68,5,561.6,4,0.07,1,9.87,56.9,44.3
44.22,9,1369.35,3,0.1,3,34.18,40.06,30.97
40.0,19,850.27,1,0.03,5,39.77,21.38,21.25
42.86,30,412.0,0,0.17,3,33.5,12.3,9.61
20.57,8,415.66,4,0.26,2,16.05,25.89,20.21
38.03,8,148.16,5,0.33,2,24.24,6.11,3.9
51.57,2,256.44,4,0.01,5,55.07,4.66,4.97
18.48,6,1092.59,0,0.04,1,16.57,65.95,59.13
14.36,14,530.54,5,0.27,2,10.75,49.35,36.94
10.07,18,939.39,3,0.03,1,8.46,111.09,93.32
48.79,3,47.57,4,0.0,3,47.55,1.0,0.97
38.82,26,1034.25,0,0.16,1,29.87,34.62,26.65
25.98,3,1056.89,3,0.27,4,18.63,56.73,40.68
58.81,10,1376.87,4,0.16,3,36.51,37.71,23.41
42.77,13,823.39,2,0.25,1,27.37,30.09,19.25
28.09,26,1125.49,2,0.24,1,23.14,48.63,40.07
36.21,24,157.74,5,0.07,3,27.46,5.74,4.36
23.59,3,629.54,1,0.24,1,17.78,35.4,26.68
58.59,12,863.95,4,0.3,3,24.39,35.43,14.75
25.7,30,247.72,2,0.21,5,20.15,12.3,9.64
18.83,20,1336.71,3,0.1,1,14.81,90.28,71.0
6.5,20,349.66,1,0.0,3,6.47,54.03,53.78
15.18,20,904.77,3,0.11,4,13.18,68.65,59.59
33.51,21,1219.31,1,0.1,5,29.58,41.22,36.39
27.55,11,909.39,1,0.04,2,24.52,37.09,33.01
14.94,29,1203.02,3,0.09,3,12.8,94.02,80.53
42.89,12,1178.64,4,0.11,1,32.61,36.15,27.48
7.21,7,85.17,0,0.12,2,6.94,12.27,11.8
5.82,8,1008.34,5,0.13,5,5.36,187.97,173.32
24.54,13,514.54,0,0.16,5,18.68,27.55,20.96
9.69,21,505.08,4,0.17,5,8.71,58.0,52.14
40.76,15,328.79,4,0.27,1,19.85,16.56,8.07
44.38,30,322.43,2,0.2,4,27.27,11.82,7.26
58.52,16,449.55,4,0.24,4,29.56,15.21,7.68
53.89,6,1316.56,2,0.02,2,47.25,27.86,24.43
30.34,30,1317.61,0,0.11,1,25.78,51.1,43.42
37.93,7,842.64,2,0.02,3,36.11,23.34,22.21
20.61,25,198.31,0,0.21,1,17.2,11.53,9.62
16.77,9,326.5,4,0.08,3,14.92,21.88,19.46
17.01,2,1026.28,1,0.0,4,17.84,57.53,60.32
21.93,16,1058.54,0,0.13,5,21.42,49.42,48.28
45.19,5,365.66,1,0.32,4,23.63,15.47,8.09
42.35,30,875.41,3,0.04,4,37.92,23.08,20.67
24.57,17,560.88,4,0.03,1,19.68,28.5,22.82
57.32,9,703.9,1,0.18,2,37.83,18.61,12.28
28.71,10,765.21,4,0.27,5,26.86,28.48,26.65
22.86,5,208.72,3,0.05,5,23.4,8.92,9.13
59.14,24,1109.05,3,0.28,3,31.2,35.55,18.75
56.61,4,79.15,5,0.05,2,39.42,2.01,1.4
59.93,20,495.52,4,0.3,3,23.2,21.36,8.27
23.36,20,1316.71,3,0.26,1,17.13,76.85,56.36
38.98,19,1389.6,1,0.32,3,22.56,61.59,35.65
57.28,17,985.1,4,0.04,1,42.61,23.12,17.2
14.15,6,1054.85,1,0.13,3,13.24,79.66,74.53
25.38,22,639.46,5,0.05,5,21.55,29.67,25.2
38.91,19,522.22,4,0.26,1,22.83,22.88,13.42
46.77,15,1101.77,1,0.33,4,25.7,42.87,23.56
35.31,28,1037.2,4,0.12,2,23.27,44.58,29.38
10.42,19,783.79,1,0.04,5,11.57,67.75,75.19
4.04,29,1194.59,5,0.01,3,3.61,330.55,295.92
32.59,8,144.5,4,0.33,1,16.15,8.95,4.43
20.31,24,230.36,2,0.3,1,12.87,17.89,11.34
51.15,24,549.59,5,0.03,2,41.77,13.16,10.75
29.22,17,193.2,3,0.27,4,19.77,9.77,6.61
38.72,24,880.87,2,0.31,3,24.98,35.26,22.75
36.28,10,201.83,5,0.18,1,26.99,7.48,5.56
28.42,20,805.59,2,0.28,2,22.62,35.61,28.35
18.08,19,679.65,0,0.31,5,12.56,54.12,37.59
4.87,11,587.57,1,0.03,4,4.93,119.18,120.55
41.85,19,985.82,4,0.07,1,29.31,33.64,23.56
44.5,21,558.17,4,0.27,1,25.05,22.28,12.54
40.75,3,1288.31,5,0.14,4,27.67,46.56,31.62
23.42,13,1214.83,0,0.18,3,17.43,69.68,51.87
12.47,28,232.01,0,0.15,1,9.84,23.58,18.61
12.18,11,1329.01,5,0.31,4,10.05,132.18,109.08
48.0,11,603.27,5,0.01,4,48.47,12.45,12.57
22.85,20,398.64,2,0.04,2,20.33,19.61,17.45
5.42,23,306.74,2,0.26,5,5.09,60.23,56.62
54.47,12,1346.68,0,0.14,2,40.83,32.98,24.72
41.42,1,1328.04,0,0.05,1,34.35,38.66,32.06
9.15,9,951.19,2,0.26,1,6.24,152.35,103.9
36.91,28,1394.6,1,0.22,4,25.69,54.29,37.79
39.39,8,178.99,2,0.2,1,21.16,8.46,4.54
47.45,25,1276.98,3,0.09,2,33.14,38.53,26.91
39.58,5,906.54,2,0.31,2,20.71,43.77,22.9
43.68,29,116.02,0,0.09,1,37.87,3.06,2.66
34.35,24,799.62,2,0.03,3,30.76,25.99,23.28
26.28,30,1002.76,1,0.16,5,20.37,49.22,38.16
32.96,4,167.45,3,0.07,2,28.34,5.91,5.08
45.09,13,1346.74,2,0.16,3,36.93,36.46,29.87
30.97,23,955.25,0,0.13,3,24.83,38.48,30.85
49.21,7,590.67,3,0.04,2,44.35,13.32,12.0
35.13,15,343.17,2,0.31,3,24.14,14.22,9.77
21.44,10,985.27,4,0.32,5,14.37,68.56,45.95
16.35,27,1336.44,5,0.14,2,12.06,110.85,81.73
48.28,21,1040.89,1,0.26,2,29.51,35.27,21.56
57.75,13,1294.91,4,0.19,1,41.72,31.04,22.42
43.54,25,250.58,5,0.23,2,28.73,8.72,5.75
10.32,27,223.2,1,0.06,5,10.65,20.95,21.63
14.17,23,830.75,5,0.13,4,12.12,68.54,58.62
32.89,2,741.14,5,0.09,4,25.87,28.65,22.54
42.39,3,514.87,0,0.23,3,37.18,13.85,12.15
16.27,29,1060.4,5,0.0,5,14.54,72.94,65.17
44.83,27,735.89,2,0.08,3,36.29,20.28,16.42
54.08,29,881.02,0,0.12,2,34.25,25.72,16.29
31.84,28,1002.4,3,0.26,2,19.88,50.43,31.49
22.18,29,545.16,5,0.33,4,12.97,42.02,24.58
56.56,4,167.39,1,0.32,5,23.66,7.07,2.96
48.48,26,1384.66,5,0.18,1,37.63,36.8,28.56
7.6,21,1140.54,4,0.1,2,6.39,178.63,150.04
18.58,29,1265.06,1,0.09,2,16.05,78.83,68.08
22.17,28,1047.1,3,0.11,2,18.47,56.69,47.23
49.84,16,49.26,3,0.08,1,38.4,1.28,0.99
32.32,1,950.22,3,0.28,5,19.45,48.86,29.4
24.66,14,1266.57,4,0.13,5,20.05,63.18,51.36
21.21,25,92.17,5,0.27,1,11.74,7.85,4.34
28.44,28,364.54,5,0.19,4,19.21,18.98,12.82
57.21,10,242.4,5,0.16,4,43.44,5.58,4.24
23.23,19,1250.93,4,0.19,2,17.34,72.16,53.85
21.76,11,1266.45,5,0.22,3,18.77,67.47,58.21
12.84,27,814.74,4,0.11,4,12.28,66.37,63.45
35.87,2,541.9,5,0.21,3,19.48,27.82,15.11
19.98,8,113.7,1,0.04,1,17.7,6.43,5.69
15.12,17,842.12,3,0.16,2,12.76,65.99,55.69
5.13,21,510.85,4,0.08,3,4.61,110.7,99.66
20.27,15,12.49,1,0.32,1,12.45,1.0,0.62
11.53,15,975.15,0,0.01,3,11.85,82.3,84.58
6.43,4,803.47,3,0.33,4,5.94,135.36,124.93
53.36,5,34.35,4,0.06,5,43.58,0.79,0.64
56.02,28,623.03,4,0.14,3,30.71,20.29,11.12
15.81,17,169.04,3,0.18,3,13.64,12.39,10.69
57.35,13,21.69,5,0.05,3,46.69,0.46,0.38
21.25,27,984.4,4,0.06,2,18.15,54.25,46.33
46.8,3,716.95,1,0.1,3,32.58,22.01,15.32
56.5,29,1099.99,2,0.13,1,29.43,37.38,19.47
24.7,20,308.36,2,0.24,2,19.89,15.51,12.49
4.36,21,683.96,5,0.01,3,3.94,173.38,156.94
36.01,24,996.71,3,0.09,2,28.05,35.53,27.68
4.27,23,829.87,1,0.23,1,3.52,235.69,194.14
34.3,4,1030.61,3,0.21,3,26.38,39.06,30.05
31.44,8,900.08,2,0.11,4,30.81,29.22,28.63
54.49,1,1391.92,1,0.24,5,27.1,51.36,25.54
13.13,12,686.93,1,0.23,3,12.23,56.18,52.33
16.81,25,1384.7,5,0.16,2,12.62,109.73,82.37
47.64,25,292.88,1,0.03,4,49.07,5.97,6.15
55.5,23,1187.48,0,0.06,2,46.8,25.38,21.4
8.75,5,211.82,0,0.29,2,6.75,31.37,24.22
47.82,29,253.22,1,0.24,2,25.65,9.87,5.3
4.33,23,683.3,4,0.05,5,4.33,157.88,157.8
19.82,17,1152.49,2,0.09,2,16.36,70.44,58.16
26.64,9,422.14,1,0.11,1,19.44,21.72,15.85
20.33,3,1380.66,2,0.31,3,14.18,97.38,67.9
23.45,1,136.02,3,0.03,4,22.82,5.96,5.8
44.83,6,110.05,2,0.05,2,39.87,2.76,2.46
12.52,1,706.83,3,0.23,5,11.44,61.79,56.48
9.49,8,443.77,0,0.3,3,9.33,47.59,46.76
51.88,19,903.48,1,0.0,5,55.67,16.23,17.42
50.15,28,93.61,0,0.06,5,45.12,2.07,1.87
20.04,21,1109.99,2,0.16,3,15.49,71.67,55.39
6.66,23,1384.11,2,0.25,1,4.89,283.04,207.7
14.12,3,46.35,5,0.06,5,12.68,3.65,3.28
25.59,9,769.94,5,0.3,3,21.41,35.95,30.08
21.05,2,832.05,2,0.01,5,23.89,34.83,39.53
4.82,16,1189.83,2,0.04,3,4.65,256.14,246.89
15.03,2,643.35,0,0.1,1,13.07,49.24,42.81
29.06,14,604.57,5,0.03,3,25.94,23.31,20.8
24.3,18,1077.08,4,0.22,2,18.3,58.87,44.32
50.96,25,1284.04,3,0.24,4,24.0,53.5,25.2
48.88,2,952.73,3,0.32,2,18.56,51.32,19.49
9.69,16,636.79,5,0.06,1,7.16,88.92,65.71
17.57,26,947.42,0,0.27,1,13.92,68.08,53.93
14.08,4,152.84,3,0.33,1,8.98,17.03,10.86
16.04,29,770.19,3,0.12,2,12.55,61.36,48.01
37.37,20,417.65,5,0.23,1,23.79,17.56,11.18
29.67,27,681.3,2,0.01,5,31.17,21.86,22.96
47.86,9,682.04,0,0.01,1,45.6,14.96,14.25
52.22,7,1302.27,4,0.33,3,21.18,61.49,24.94
52.22,26,1252.68,4,0.13,1,37.66,33.26,23.99
4.2,4,718.08,3,0.03,4,4.21,170.73,171.08
11.77,7,377.33,0,0.22,4,10.14,37.2,32.07
37.36,10,790.29,3,0.07,2,27.75,28.48,21.15
31.36,29,394.85,0,0.31,3,16.36,24.13,12.59
9.55,21,1368.03,5,0.01,3,8.32,164.52,143.18
49.95,20,100.44,2,0.09,5,38.87,2.58,2.01
13.43,9,300.24,3,0.17,4,11.48,26.14,22.35
9.28,2,596.45,4,0.25,1,7.17,83.2,64.25
32.37,17,342.74,4,0.08,5,33.23,10.31,10.59
46.16,26,1316.51,1,0.27,4,23.66,55.65,28.52
44.83,9,753.23,3,0.03,1,41.14,18.31,16.8
8.41,3,818.45,0,0.12,2,7.79,105.02,97.38
21.8,23,820.7,0,0.3,1,13.77,59.6,37.65
52.47,7,537.79,4,0.25,2,24.22,22.21,10.25
59.04,11,1133.04,1,0.24,2,43.28,26.18,19.19
4.68,15,274.8,1,0.21,3,4.42,62.17,58.68
38.31,27,69.23,5,0.12,5,28.62,2.42,1.81
32.82,3,1230.53,3,0.16,1,23.5,52.37,37.49
49.17,27,81.5,5,0.27,3,21.24,3.84,1.66
14.66,23,1283.64,5,0.32,1,11.36,112.97,87.59
48.74,29,822.73,5,0.18,3,29.6,27.79,16.88
29.92,17,175.72,2,0.09,1,22.64,7.76,5.87
33.97,7,339.96,4,0.23,3,19.04,17.85,10.01
36.87,17,119.12,4,0.18,2,26.36,4.52,3.23
15.34,27,1297.48,0,0.2,1,10.55,122.97,84.58
23.18,6,21.81,0,0.14,3,23.13,0.94,0.94
46.43,12,814.93,5,0.2,5,24.65,33.06,17.55
43.32,27,389.38,3,0.18,3,28.12,13.85,8.99
37.49,11,408.3,0,0.17,3,25.97,15.72,10.89
14.39,29,1298.42,1,0.04,5,14.04,92.5,90.24
33.78,9,226.54,1,0.11,2,29.66,7.64,6.71
9.8,18,1366.75,2,0.23,1,7.82,174.88,139.47
27.83,22,874.78,5,0.15,5,22.31,39.22,31.44
29.88,3,751.29,2,0.3,4,24.32,30.9,25.14
36.83,18,689.29,4,0.2,1,19.73,34.94,18.72
22.08,28,883.69,1,0.06,5,23.07,38.31,40.02
37.16,20,213.51,2,0.17,2,25.83,8.27,5.75
12.01,19,1289.79,3,0.11,4,10.91,118.19,107.41
49.86,2,365.85,5,0.19,5,30.24,12.1,7.34
54.24,5,795.76,4,0.22,4,37.91,20.99,14.67
47.85,6,242.13,3,0.33,3,38.64,6.27,5.06
58.6,6,1191.0,5,0.16,4,42.42,28.07,20.33
57.77,5,1378.39,1,0.0,2,53.14,25.94,23.86
8.66,10,1032.67,4,0.17,5,8.22,125.69,119.25
13.44,18,394.65,3,0.21,5,11.88,33.22,29.37
36.25,3,355.93,4,0.17,3,26.29,13.54,9.82
27.85,24,304.08,0,0.13,2,20.65,14.72,10.92
30.0,1,1325.81,0,0.33,4,21.88,60.6,44.19
50.19,9,536.7,0,0.14,1,38.25,14.03,10.69
60.0,8,939.18,0,0.12,1,48.8,19.25,15.65
55.59,28,957.53,0,0.11,1,46.27,20.69,17.22
26.88,12,858.57,2,0.02,5,29.96,28.66,31.94
56.52,19,664.46,2,0.06,1,40.77,16.3,11.76
30.44,14,603.45,0,0.21,4,21.03,28.7,19.82
49.29,29,662.28,5,0.24,1,22.39,29.59,13.44
27.82,24,680.03,2,0.18,2,20.41,33.32,24.44
48.77,25,539.24,5,0.33,5,20.72,26.02,11.06
41.28,2,102.51,0,0.24,2,22.45,4.57,2.48
25.82,2,275.54,0,0.08,3,25.39,10.85,10.67
26.45,16,342.2,0,0.09,4,23.98,14.27,12.94
46.13,23,138.57,3,0.27,3,27.12,5.11,3.0
32.91,13,575.39,3,0.06,5,34.2,16.83,17.48
28.85,8,1262.78,0,0.13,3,27.12,46.56,43.77
17.48,30,976.04,4,0.22,5,14.98,65.16,55.84
37.47,6,1161.01,1,0.1,2,31.24,37.17,30.99
20.57,5,688.29,0,0.24,2,15.3,44.98,33.46
55.37,11,936.76,0,0.27,5,57.94,16.17,16.92
32.25,19,750.75,3,0.2,4,21.92,34.25,23.28
53.93,8,1051.76,0,0.0,3,57.76,18.21,19.5
59.97,4,802.61,1,0.29,1,37.18,21.59,13.38
46.94,5,1295.39,5,0.01,5,41.29,31.37,27.6
14.71,15,80.46,4,0.1,3,13.25,6.07,5.47
19.63,28,900.62,3,0.21,4,17.82,50.53,45.88
29.67,15,200.86,5,0.27,4,20.46,9.82,6.77
35.48,23,1300.43,4,0.17,2,24.09,53.99,36.65
31.78,5,234.35,0,0.26,5,33.2,7.06,7.37
22.39,19,401.63,5,0.06,2,18.04,22.26,17.94
21.09,17,1327.39,4,0.25,4,15.93,83.32,62.94
57.48,11,924.72,0,0.09,2,37.07,24.94,16.09
31.76,11,8.72,5,0.0,4,31.91,0.27,0.27
57.14,17,877.22,5,0.16,5,53.06,16.53,15.35
25.54,29,1357.17,3,0.3,2,17.27,78.6,53.14
24.25,28,665.78,3,0.0,5,24.95,26.68,27.46
52.05,7,473.99,3,0.08,5,43.17,10.98,9.11
46.23,27,260.63,0,0.07,4,48.19,5.41,5.64
31.09,26,417.43,1,0.33,5,25.77,16.2,13.42
25.91,18,1011.7,0,0.23,2,17.38,58.21,39.05
19.65,24,1283.7,5,0.18,1,14.23,90.2,65.33
23.52,15,1355.25,0,0.25,5,18.2,74.48,57.62
57.75,22,280.16,3,0.06,1,44.62,6.28,4.85
52.88,27,125.91,5,0.15,2,40.56,3.1,2.38
29.6,22,182.1,5,0.08,1,19.42,9.38,6.15
13.81,15,351.4,1,0.15,4,14.14,24.84,25.45
20.19,28,1353.03,1,0.3,2,17.35,77.98,67.02
5.61,22,858.35,0,0.28,2,4.71,182.18,153.02
4.61,20,1219.78,5,0.01,2,3.87,315.48,264.71
24.72,18,206.83,3,0.2,3,21.17,9.77,8.37
51.55,18,628.53,0,0.1,1,45.58,13.79,12.19
16.55,20,147.22,4,0.07,5,14.92,9.87,8.9
36.57,12,722.22,3,0.21,4,34.41,20.99,19.75
35.8,5,120.35,4,0.06,5,33.46,3.6,3.36
27.74,26,838.92,2,0.05,4,26.57,31.58,30.24
17.23,4,550.59,3,0.23,5,15.86,34.72,31.95
27.16,24,188.4,5,0.02,2,21.81,8.64,6.94
7.58,17,622.94,2,0.12,5,7.62,81.72,82.16
21.16,20,1003.44,5,0.05,4,20.19,49.71,47.42
44.4,18,318.41,2,0.32,4,36.08,8.83,7.17
56.99,11,539.52,1,0.03,2,55.82,9.67,9.47
37.35,14,665.03,3,0.15,5,29.26,22.73,17.81
25.7,26,106.73,5,0.13,3,16.85,6.34,4.15
29.28,24,1282.97,5,0.28,2,23.71,54.12,43.82
14.69,29,964.53,1,0.26,3,13.57,71.09,65.65
31.42,11,696.7,0,0.15,5,29.87,23.33,22.17
9.45,14,29.68,0,0.17,3,8.67,3.42,3.14
36.02,29,804.75,1,0.31,4,25.47,31.6,22.34
32.36,16,332.94,5,0.13,4,23.41,14.22,10.29
59.34,23,646.98,5,0.26,2,37.25,17.37,10.9
14.47,1,1308.47,5,0.09,2,12.36,105.89,90.46
6.87,15,122.02,2,0.12,2,5.93,20.56,17.77
31.12,5,1040.12,2,0.27,2,18.84,55.2,33.43
31.07,15,1254.96,0,0.23,1,19.68,63.78,40.39
44.26,15,840.75,4,0.29,5,20.32,41.37,19.0
44.46,11,1327.99,2,0.26,5,24.3,54.66,29.87
50.39,28,375.83,3,0.09,3,38.75,9.7,7.46
58.77,22,1301.06,3,0.07,4,42.43,30.66,22.14
10.7,3,597.66,2,0.16,2,8.59,69.55,55.84
52.76,1,1289.76,2,0.07,2,39.12,32.97,24.44
12.92,9,650.03,5,0.1,5,12.19,53.33,50.31
47.95,28,300.11,0,0.31,1,19.52,15.37,6.26
51.65,11,322.7,3,0.1,5,41.16,7.84,6.25
52.04,24,331.75,1,0.33,1,19.87,16.69,6.38
34.05,25,523.26,5,0.12,1,24.63,21.25,15.37
58.05,13,1137.93,1,0.23,2,32.63,34.87,19.6
6.81,5,635.05,2,0.27,2,5.76,110.29,93.22
6.19,24,420.53,4,0.18,5,5.87,71.6,67.98
37.96,3,446.92,4,0.21,5,28.88,15.47,11.77
15.67,4,333.45,5,0.21,5,14.21,23.47,21.28
12.92,28,561.71,5,0.3,1,8.9,63.09,43.46
56.54,8,1287.65,3,0.08,2,50.45,25.52,22.77
44.81,22,823.79,5,0.1,3,28.73,28.67,18.39
27.99,12,987.87,0,0.33,4,16.01,61.7,35.29
11.33,15,268.27,3,0.18,2,9.89,27.13,23.67
5.3,27,903.57,1,0.11,4,5.57,162.19,170.36
27.28,22,1370.59,5,0.01,5,28.76,47.66,50.24
13.49,2,1099.97,4,0.05,2,10.53,104.43,81.54
36.95,11,1267.65,0,0.09,3,30.56,41.48,34.31
46.48,3,1064.64,3,0.23,4,35.45,30.04,22.9
29.09,3,194.79,4,0.24,2,18.03,10.8,6.7
51.38,23,671.64,4,0.03,1,39.69,16.92,13.07
51.48,21,1303.88,1,0.07,1,33.06,39.44,25.33
39.23,9,838.85,0,0.03,4,40.41,20.76,21.38
36.74,1,877.48,4,0.21,3,21.8,40.25,23.88
48.71,24,186.43,3,0.17,1,36.63,5.09,3.83
40.0,12,163.86,0,0.15,4,31.26,5.24,4.1
42.13,5,1181.44,4,0.03,2,32.57,36.27,28.05
54.3,16,1327.26,4,0.27,3,24.19,54.86,24.44
41.11,3,592.63,2,0.01,5,44.82,13.22,14.42
15.85,29,885.2,2,0.05,5,16.87,52.48,55.84
30.35,2,695.69,5,0.19,4,19.74,35.25,22.92
9.03,4,377.75,3,0.06,2,7.78,48.53,41.81
5.98,17,427.99,0,0.08,1,5.36,79.78,71.53
34.69,26,1178.06,3,0.31,5,20.39,57.77,33.96
26.18,29,191.09,3,0.29,1,13.49,14.17,7.3
6.3,30,220.18,0,0.05,2,5.75,38.32,34.94
42.1,1,1339.73,2,0.15,2,25.69,52.15,31.82
4.8,24,176.68,5,0.14,4,4.2,42.07,36.78
26.47,23,988.36,2,0.15,3,20.88,47.34,37.34
28.67,29,1286.17,2,0.27,3,24.89,51.68,44.86
11.87,19,1155.78,1,0.21,5,11.68,98.98,97.35
49.84,18,427.52,4,0.18,4,37.75,11.32,8.58
57.01,23,1129.63,0,0.31,3,32.86,34.38,19.82
8.14,16,184.88,4,0.24,1,5.5,33.64,22.7
21.25,15,41.38,5,0.17,3,13.89,2.98,1.95
21.31,23,1396.43,5,0.03,5,21.16,66.0,65.54
23.99,27,826.66,1,0.2,3,16.46,50.23,34.46
19.49,6,1361.52,5,0.13,4,15.4,88.41,69.87
21.93,11,167.57,3,0.1,5,19.74,8.49,7.64
20.46,20,954.45,5,0.13,1,14.44,66.1,46.66
36.62,26,1139.19,1,0.15,2,26.31,43.29,31.11
27.64,2,253.2,3,0.33,3,14.72,17.2,9.16
33.83,4,252.05,3,0.02,5,35.96,7.01,7.45
51.52,2,53.9,1,0.15,2,38.92,1.38,1.05
29.15,26,706.0,0,0.15,5,29.25,24.14,24.22
21.16,29,1028.65,1,0.23,4,21.97,46.81,48.61
8.99,27,299.89,5,0.14,4,7.96,37.65,33.35
37.86,17,979.08,1,0.19,3,27.99,34.98,25.86
52.43,21,1164.76,2,0.06,1,36.3,32.09,22.21
35.42,16,195.96,5,0.26,1,17.77,11.03,5.53
24.95,26,649.75,5,0.02,5,22.32,29.11,26.04
9.4,20,1367.58,1,0.29,5,8.9,153.67,145.53
44.86,16,1043.32,5,0.1,3,33.88,30.8,23.26
26.07,19,798.35,4,0.33,3,14.14,56.45,30.62
34.07,10,305.21,0,0.29,5,33.65,9.07,8.96
14.66,7,862.14,0,0.21,3,12.43,69.37,58.79
56.13,4,146.55,3,0.14,4,35.51,4.13,2.61
11.43,26,1247.53,5,0.07,1,8.26,150.94,109.1
29.45,19,776.54,4,0.28,4,18.43,42.14,26.37
40.04,1,804.28,1,0.04,2,35.73,22.51,20.09
22.81,27,31.77,1,0.09,2,19.4,1.64,1.39
52.71,24,276.64,2,0.31,1,20.5,13.49,5.25
